"Date","Temp_diff"
"1981-01-01",""
"1981-01-02","-2.8"
"1981-01-03","0.900000000000002"
"1981-01-04","-4.2"
"1981-01-05","1.2"
"1981-01-06","0"
"1981-01-07","0"
"1981-01-08","1.6"
"1981-01-09","4.4"
"1981-01-10","-1.8"
"1981-01-11","-3.8"
"1981-01-12","-2.9"
"1981-01-13","3.4"
"1981-01-14","4.8"
"1981-01-15","3.5"
"1981-01-16","-4.3"
"1981-01-17","-0.0999999999999979"
"1981-01-18","4.2"
"1981-01-19","-7.1"
"1981-01-20","-2.2"
"1981-01-21","2.7"
"1981-01-22","-6.1"
"1981-01-23","2.3"
"1981-01-24","1.6"
"1981-01-25","0.5"
"1981-01-26","2.2"
"1981-01-27","0.699999999999999"
"1981-01-28","-2.2"
"1981-01-29","-1.7"
"1981-01-30","-0.4"
"1981-01-31","0.300000000000001"
"1981-02-01","-0.0999999999999996"
"1981-02-02","3.5"
"1981-02-03","3.1"
"1981-02-04","-2"
"1981-02-05","-3.3"
"1981-02-06","0.199999999999999"
"1981-02-07","-2.2"
"1981-02-08","2.5"
"1981-02-09","7.9"
"1981-02-10","-10"
"1981-02-11","-1.3"
"1981-02-12","0.200000000000001"
"1981-02-13","4.4"
"1981-02-14","3.7"
"1981-02-15","0.100000000000001"
"1981-02-16","-0.900000000000002"
"1981-02-17","-2.8"
"1981-02-18","-1.8"
"1981-02-19","-0.5"
"1981-02-20","-0.400000000000002"
"1981-02-21","0.900000000000002"
"1981-02-22","-0.100000000000001"
"1981-02-23","-2.1"
"1981-02-24","0"
"1981-02-25","4.1"
"1981-02-26","-1.6"
"1981-02-27","0.600000000000001"
"1981-02-28","3.7"
"1981-03-01","-3.4"
"1981-03-02","0.800000000000001"
"1981-03-03","-1.6"
"1981-03-04","-1"
"1981-03-05","-2.7"
"1981-03-06","1"
"1981-03-07","-2.9"
"1981-03-08","4.9"
"1981-03-09","-0.199999999999999"
"1981-03-10","-4.3"
"1981-03-11","0.399999999999999"
"1981-03-12","2.5"
"1981-03-13","-2.9"
"1981-03-14","-0.5"
"1981-03-15","-0.700000000000001"
"1981-03-16","1.1"
"1981-03-17","2.5"
"1981-03-18","-3"
"1981-03-19","5.7"
"1981-03-20","-0.199999999999999"
"1981-03-21","-8.6"
"1981-03-22","-0.0999999999999996"
"1981-03-23","0.800000000000001"
"1981-03-24","4.6"
"1981-03-25","-2.5"
"1981-03-26","2.5"
"1981-03-27","-2.4"
"1981-03-28","4"
"1981-03-29","0.699999999999999"
"1981-03-30","-1.2"
"1981-03-31","1.3"
"1981-04-01","0.899999999999999"
"1981-04-02","0.100000000000001"
"1981-04-03","0.699999999999999"
"1981-04-04","-0.399999999999999"
"1981-04-05","1"
"1981-04-06","-1.5"
"1981-04-07","-6.6"
"1981-04-08","4.9"
"1981-04-09","1"
"1981-04-10","-2.9"
"1981-04-11","-5.4"
"1981-04-12","3.9"
"1981-04-13","2"
"1981-04-14","-0.5"
"1981-04-15","0.300000000000001"
"1981-04-16","-1.2"
"1981-04-17","0.300000000000001"
"1981-04-18","0.799999999999999"
"1981-04-19","0.600000000000001"
"1981-04-20","-3.2"
"1981-04-21","-1.6"
"1981-04-22","1"
"1981-04-23","-0.199999999999999"
"1981-04-24","1.7"
"1981-04-25","-2.6"
"1981-04-26","-1.5"
"1981-04-27","2.5"
"1981-04-28","-0.6"
"1981-04-29","0.6"
"1981-04-30","-2.5"
"1981-05-01","1.2"
"1981-05-02","3.3"
"1981-05-03","2.1"
"1981-05-04","-5.4"
"1981-05-05","1.4"
"1981-05-06","3.5"
"1981-05-07","-1.5"
"1981-05-08","-1.5"
"1981-05-09","0.199999999999999"
"1981-05-10","-2.6"
"1981-05-11","2"
"1981-05-12","0.5"
"1981-05-13","-5.3"
"1981-05-14","1.3"
"1981-05-15","1.9"
"1981-05-16","2.7"
"1981-05-17","-1.4"
"1981-05-18","-3.9"
"1981-05-19","-2.7"
"1981-05-20","-1.1"
"1981-05-21","1.3"
"1981-05-22","2"
"1981-05-23","4.2"
"1981-05-24","1.9"
"1981-05-25","0.800000000000001"
"1981-05-26","0.299999999999999"
"1981-05-27","-1.6"
"1981-05-28","0.199999999999999"
"1981-05-29","0.200000000000001"
"1981-05-30","0.4"
"1981-05-31","1"
"1981-06-01","-1.2"
"1981-06-02","-1"
"1981-06-03","-0.799999999999999"
"1981-06-04","1.4"
"1981-06-05","-5.5"
"1981-06-06","1.4"
"1981-06-07","-4.6"
"1981-06-08","1"
"1981-06-09","1.1"
"1981-06-10","6.4"
"1981-06-11","-5.3"
"1981-06-12","2"
"1981-06-13","2.7"
"1981-06-14","1"
"1981-06-15","-2.2"
"1981-06-16","-3.1"
"1981-06-17","-3.4"
"1981-06-18","1.6"
"1981-06-19","2"
"1981-06-20","-2.5"
"1981-06-21","0.600000000000001"
"1981-06-22","2.7"
"1981-06-23","-2.3"
"1981-06-24","1"
"1981-06-25","0.4"
"1981-06-26","1.1"
"1981-06-27","1.9"
"1981-06-28","1"
"1981-06-29","-0.699999999999999"
"1981-06-30","0"
"1981-07-01","1.2"
"1981-07-02","-0.699999999999999"
"1981-07-03","-3.5"
"1981-07-04","0.5"
"1981-07-05","0.4"
"1981-07-06","0.699999999999999"
"1981-07-07","-1.5"
"1981-07-08","1.7"
"1981-07-09","0.6"
"1981-07-10","-4.3"
"1981-07-11","2.2"
"1981-07-12","-1.1"
"1981-07-13","0.399999999999999"
"1981-07-14","0.9"
"1981-07-15","0.2"
"1981-07-16","-0.9"
"1981-07-17","2.5"
"1981-07-18","-3.8"
"1981-07-19","2.4"
"1981-07-20","2.7"
"1981-07-21","1.9"
"1981-07-22","-3"
"1981-07-23","-0.0999999999999996"
"1981-07-24","0.9"
"1981-07-25","-0.800000000000001"
"1981-07-26","0.199999999999999"
"1981-07-27","-1.5"
"1981-07-28","0.3"
"1981-07-29","-1.9"
"1981-07-30","-2.6"
"1981-07-31","-0.3"
"1981-08-01","2.5"
"1981-08-02","2"
"1981-08-03","1.3"
"1981-08-04","1"
"1981-08-05","-3.8"
"1981-08-06","0.7"
"1981-08-07","-0.4"
"1981-08-08","0.3"
"1981-08-09","0.2"
"1981-08-10","-1.8"
"1981-08-11","-2.2"
"1981-08-12","2.6"
"1981-08-13","2.3"
"1981-08-14","1.1"
"1981-08-15","-0.4"
"1981-08-16","1.7"
"1981-08-17","0.199999999999999"
"1981-08-18","-2.9"
"1981-08-19","2.1"
"1981-08-20","2.8"
"1981-08-21","-5.1"
"1981-08-22","0.5"
"1981-08-23","-4"
"1981-08-24","2.7"
"1981-08-25","-2"
"1981-08-26","2.4"
"1981-08-27","-1"
"1981-08-28","-0.5"
"1981-08-29","2.6"
"1981-08-30","-2.6"
"1981-08-31","0.7"
"1981-09-01","1.8"
"1981-09-02","2.3"
"1981-09-03","-0.5"
"1981-09-04","-0.200000000000001"
"1981-09-05","-1.1"
"1981-09-06","-1"
"1981-09-07","3.7"
"1981-09-08","3.4"
"1981-09-09","-2.9"
"1981-09-10","-3.9"
"1981-09-11","4.5"
"1981-09-12","-2.2"
"1981-09-13","1.4"
"1981-09-14","-4.2"
"1981-09-15","3.6"
"1981-09-16","3.2"
"1981-09-17","-3.4"
"1981-09-18","6.2"
"1981-09-19","-6.4"
"1981-09-20","-4"
"1981-09-21","4.5"
"1981-09-22","-4.7"
"1981-09-23","4.2"
"1981-09-24","-3.3"
"1981-09-25","0.399999999999999"
"1981-09-26","3.1"
"1981-09-27","-2.9"
"1981-09-28","1.8"
"1981-09-29","1.8"
"1981-09-30","1"
"1981-10-01","-3.5"
"1981-10-02","4.3"
"1981-10-03","-4.6"
"1981-10-04","-2.4"
"1981-10-05","5.2"
"1981-10-06","1.8"
"1981-10-07","1.1"
"1981-10-08","-7"
"1981-10-09","5.6"
"1981-10-10","-5.1"
"1981-10-11","-1.6"
"1981-10-12","-0.600000000000001"
"1981-10-13","4.4"
"1981-10-14","3.3"
"1981-10-15","-5"
"1981-10-16","1.9"
"1981-10-17","-1.6"
"1981-10-18","-1.3"
"1981-10-19","3.1"
"1981-10-20","0.799999999999999"
"1981-10-21","2"
"1981-10-22","-1.8"
"1981-10-23","-2.3"
"1981-10-24","-2.5"
"1981-10-25","1.8"
"1981-10-26","1.3"
"1981-10-27","3.5"
"1981-10-28","-0.699999999999999"
"1981-10-29","-1.5"
"1981-10-30","0"
"1981-10-31","0.699999999999999"
"1981-11-01","-2.5"
"1981-11-02","2.3"
"1981-11-03","2.1"
"1981-11-04","0.0999999999999996"
"1981-11-05","-3.3"
"1981-11-06","1.1"
"1981-11-07","-3.9"
"1981-11-08","2"
"1981-11-09","4.6"
"1981-11-10","1.5"
"1981-11-11","-5.2"
"1981-11-12","0"
"1981-11-13","-0.800000000000001"
"1981-11-14","-0.199999999999999"
"1981-11-15","1.8"
"1981-11-16","-2.4"
"1981-11-17","0.5"
"1981-11-18","2.5"
"1981-11-19","-0.200000000000001"
"1981-11-20","1.7"
"1981-11-21","-0.800000000000001"
"1981-11-22","-2.5"
"1981-11-23","5.7"
"1981-11-24","-2.2"
"1981-11-25","-1.7"
"1981-11-26","-2"
"1981-11-27","2.7"
"1981-11-28","5.2"
"1981-11-29","-2.8"
"1981-11-30","-1.4"
"1981-12-01","-0.199999999999999"
"1981-12-02","-2.9"
"1981-12-03","3.7"
"1981-12-04","-2.7"
"1981-12-05","1.5"
"1981-12-06","2"
"1981-12-07","-0.300000000000001"
"1981-12-08","-2.1"
"1981-12-09","-0.0999999999999996"
"1981-12-10","1"
"1981-12-11","1.3"
"1981-12-12","2.4"
"1981-12-13","-7.5"
"1981-12-14","2.4"
"1981-12-15","0.700000000000001"
"1981-12-16","-1.6"
"1981-12-17","5.2"
"1981-12-18","-0.799999999999999"
"1981-12-19","-2.3"
"1981-12-20","-2.3"
"1981-12-21","0.0999999999999996"
"1981-12-22","3.9"
"1981-12-23","-2.2"
"1981-12-24","2.2"
"1981-12-25","-0.800000000000001"
"1981-12-26","-0.199999999999999"
"1981-12-27","1.5"
"1981-12-28","-2.2"
"1981-12-29","2.3"
"1981-12-30","-0.4"
"1981-12-31","2.2"
"1982-01-01","-0.399999999999999"
"1982-01-02","-2"
"1982-01-03","-1.5"
"1982-01-04","1.7"
"1982-01-05","-2.2"
"1982-01-06","-0.5"
"1982-01-07","1.6"
"1982-01-08","0.700000000000001"
"1982-01-09","1.4"
"1982-01-10","-0.399999999999999"
"1982-01-11","3.3"
"1982-01-12","3.1"
"1982-01-13","-6.3"
"1982-01-14","-2.9"
"1982-01-15","1.1"
"1982-01-16","1.7"
"1982-01-17","8.2"
"1982-01-18","-6"
"1982-01-19","1.7"
"1982-01-20","5.5"
"1982-01-21","-4.7"
"1982-01-22","-1.2"
"1982-01-23","-3.5"
"1982-01-24","1.2"
"1982-01-25","1.4"
"1982-01-26","-5.1"
"1982-01-27","1.3"
"1982-01-28","-2.1"
"1982-01-29","4.5"
"1982-01-30","0.100000000000001"
"1982-01-31","-3.1"
"1982-02-01","0.6"
"1982-02-02","-1.3"
"1982-02-03","1.5"
"1982-02-04","0.299999999999999"
"1982-02-05","-2"
"1982-02-06","0.5"
"1982-02-07","5.9"
"1982-02-08","3.2"
"1982-02-09","-5.5"
"1982-02-10","-3.7"
"1982-02-11","1.9"
"1982-02-12","1.6"
"1982-02-13","2.2"
"1982-02-14","3.6"
"1982-02-15","3.5"
"1982-02-16","-8.1"
"1982-02-17","-1.2"
"1982-02-18","-2.2"
"1982-02-19","-2"
"1982-02-20","2.7"
"1982-02-21","0.0999999999999996"
"1982-02-22","-2.5"
"1982-02-23","2.1"
"1982-02-24","-1.1"
"1982-02-25","-1.6"
"1982-02-26","2.1"
"1982-02-27","-4.2"
"1982-02-28","3.5"
"1982-03-01","-2"
"1982-03-02","1.6"
"1982-03-03","-3.7"
"1982-03-04","4.2"
"1982-03-05","7.5"
"1982-03-06","-2"
"1982-03-07","-2.8"
"1982-03-08","2.4"
"1982-03-09","-8.1"
"1982-03-10","-2"
"1982-03-11","1"
"1982-03-12","4.6"
"1982-03-13","-2.1"
"1982-03-14","4.7"
"1982-03-15","2"
"1982-03-16","3"
"1982-03-17","-6.5"
"1982-03-18","-1.5"
"1982-03-19","-4.4"
"1982-03-20","4.2"
"1982-03-21","3.5"
"1982-03-22","3.2"
"1982-03-23","-5.1"
"1982-03-24","-2.4"
"1982-03-25","1.3"
"1982-03-26","2.3"
"1982-03-27","0.399999999999999"
"1982-03-28","-3.8"
"1982-03-29","0.799999999999999"
"1982-03-30","0.100000000000001"
"1982-03-31","-4.1"
"1982-04-01","0.200000000000001"
"1982-04-02","1.9"
"1982-04-03","-0.4"
"1982-04-04","-0.700000000000001"
"1982-04-05","-2.7"
"1982-04-06","3.5"
"1982-04-07","0.4"
"1982-04-08","0.5"
"1982-04-09","-2.8"
"1982-04-10","4.9"
"1982-04-11","-1.4"
"1982-04-12","-1.2"
"1982-04-13","1.2"
"1982-04-14","2.5"
"1982-04-15","3.4"
"1982-04-16","-5.3"
"1982-04-17","-4.9"
"1982-04-18","0.799999999999999"
"1982-04-19","-2.7"
"1982-04-20","1.2"
"1982-04-21","-0.8"
"1982-04-22","1.3"
"1982-04-23","3.9"
"1982-04-24","3.5"
"1982-04-25","-3.6"
"1982-04-26","-6"
"1982-04-27","0"
"1982-04-28","1.8"
"1982-04-29","1.3"
"1982-04-30","0.800000000000001"
"1982-05-01","-3.3"
"1982-05-02","-1.2"
"1982-05-03","5.6"
"1982-05-04","1.9"
"1982-05-05","-2"
"1982-05-06","-0.800000000000001"
"1982-05-07","-0.9"
"1982-05-08","-1.6"
"1982-05-09","-3"
"1982-05-10","2.1"
"1982-05-11","1.1"
"1982-05-12","2.1"
"1982-05-13","0.399999999999999"
"1982-05-14","-2.1"
"1982-05-15","-5.4"
"1982-05-16","0.899999999999999"
"1982-05-17","2"
"1982-05-18","6.6"
"1982-05-19","2"
"1982-05-20","-7.6"
"1982-05-21","0.800000000000001"
"1982-05-22","-2.4"
"1982-05-23","2.3"
"1982-05-24","0.299999999999999"
"1982-05-25","2.5"
"1982-05-26","1"
"1982-05-27","0.800000000000001"
"1982-05-28","1.1"
"1982-05-29","-1.5"
"1982-05-30","-1"
"1982-05-31","-4.5"
"1982-06-01","0.0999999999999996"
"1982-06-02","1.9"
"1982-06-03","-5.9"
"1982-06-04","-0.6"
"1982-06-05","-2.5"
"1982-06-06","1.6"
"1982-06-07","1"
"1982-06-08","3.1"
"1982-06-09","-3.4"
"1982-06-10","2.2"
"1982-06-11","3.7"
"1982-06-12","-1.3"
"1982-06-13","0.399999999999999"
"1982-06-14","-1.3"
"1982-06-15","1.3"
"1982-06-16","0.3"
"1982-06-17","0.4"
"1982-06-18","0"
"1982-06-19","-1.2"
"1982-06-20","0.5"
"1982-06-21","-1.1"
"1982-06-22","0.7"
"1982-06-23","2"
"1982-06-24","-4.9"
"1982-06-25","-2.7"
"1982-06-26","-0.5"
"1982-06-27","3.5"
"1982-06-28","3"
"1982-06-29","0.4"
"1982-06-30","1.3"
"1982-07-01","-4.8"
"1982-07-02","-2.6"
"1982-07-03","1"
"1982-07-04","0.8"
"1982-07-05","0.5"
"1982-07-06","3.1"
"1982-07-07","0.8"
"1982-07-08","-2.5"
"1982-07-09","-2.9"
"1982-07-10","0.4"
"1982-07-11","1.2"
"1982-07-12","3.5"
"1982-07-13","0.3"
"1982-07-14","-2.2"
"1982-07-15","-2.3"
"1982-07-16","1.7"
"1982-07-17","-1.3"
"1982-07-18","0.2"
"1982-07-19","1.3"
"1982-07-20","-5"
"1982-07-21","0.6"
"1982-07-22","0.1"
"1982-07-23","2.6"
"1982-07-24","3.1"
"1982-07-25","2.9"
"1982-07-26","-0.5"
"1982-07-27","-5.5"
"1982-07-28","1"
"1982-07-29","1.2"
"1982-07-30","-0.100000000000001"
"1982-07-31","1.5"
"1982-08-01","2.6"
"1982-08-02","-1.4"
"1982-08-03","0.799999999999999"
"1982-08-04","-6.3"
"1982-08-05","-0.6"
"1982-08-06","2.3"
"1982-08-07","-0.7"
"1982-08-08","0"
"1982-08-09","2.4"
"1982-08-10","5.3"
"1982-08-11","-1.3"
"1982-08-12","-2.3"
"1982-08-13","1.1"
"1982-08-14","0.5"
"1982-08-15","-3.5"
"1982-08-16","2.2"
"1982-08-17","1"
"1982-08-18","-4.9"
"1982-08-19","2.3"
"1982-08-20","2.8"
"1982-08-21","3.8"
"1982-08-22","-6.6"
"1982-08-23","-1.5"
"1982-08-24","7"
"1982-08-25","-0.9"
"1982-08-26","-2.7"
"1982-08-27","-3.9"
"1982-08-28","2.4"
"1982-08-29","7.2"
"1982-08-30","-1.5"
"1982-08-31","-5.1"
"1982-09-01","-3.6"
"1982-09-02","6"
"1982-09-03","0.5"
"1982-09-04","-5.5"
"1982-09-05","-0.5"
"1982-09-06","3.7"
"1982-09-07","-3.9"
"1982-09-08","5.5"
"1982-09-09","-4"
"1982-09-10","-0.8"
"1982-09-11","3.5"
"1982-09-12","0.5"
"1982-09-13","-5.4"
"1982-09-14","3.1"
"1982-09-15","0"
"1982-09-16","3.4"
"1982-09-17","4.9"
"1982-09-18","-6.1"
"1982-09-19","-3.2"
"1982-09-20","-1.5"
"1982-09-21","-0.2"
"1982-09-22","1.3"
"1982-09-23","1"
"1982-09-24","2.2"
"1982-09-25","3"
"1982-09-26","-3.8"
"1982-09-27","1.5"
"1982-09-28","-1.4"
"1982-09-29","-1.5"
"1982-09-30","0"
"1982-10-01","2.3"
"1982-10-02","-2.5"
"1982-10-03","7.1"
"1982-10-04","-3.3"
"1982-10-05","-5.2"
"1982-10-06","1.1"
"1982-10-07","9.1"
"1982-10-08","-4.2"
"1982-10-09","-2.1"
"1982-10-10","0.800000000000001"
"1982-10-11","-3.7"
"1982-10-12","5.2"
"1982-10-13","2.2"
"1982-10-14","-2.7"
"1982-10-15","-2.2"
"1982-10-16","1.6"
"1982-10-17","-2.3"
"1982-10-18","-1.7"
"1982-10-19","4"
"1982-10-20","-1.9"
"1982-10-21","0.799999999999999"
"1982-10-22","1.3"
"1982-10-23","0.6"
"1982-10-24","-2.6"
"1982-10-25","2.2"
"1982-10-26","4.9"
"1982-10-27","-1.2"
"1982-10-28","-4.7"
"1982-10-29","-0.199999999999999"
"1982-10-30","4.2"
"1982-10-31","-6.2"
"1982-11-01","3.6"
"1982-11-02","-3.7"
"1982-11-03","2.6"
"1982-11-04","3"
"1982-11-05","1.1"
"1982-11-06","4.1"
"1982-11-07","-1.7"
"1982-11-08","-4.7"
"1982-11-09","-0.800000000000001"
"1982-11-10","3.9"
"1982-11-11","-4.1"
"1982-11-12","-1.3"
"1982-11-13","2.1"
"1982-11-14","3.4"
"1982-11-15","3.5"
"1982-11-16","-5.2"
"1982-11-17","-2.1"
"1982-11-18","-1.6"
"1982-11-19","-0.4"
"1982-11-20","3.7"
"1982-11-21","0.199999999999999"
"1982-11-22","-2.3"
"1982-11-23","3.4"
"1982-11-24","2.3"
"1982-11-25","-0.199999999999999"
"1982-11-26","-3.7"
"1982-11-27","0.4"
"1982-11-28","-0.300000000000001"
"1982-11-29","1.5"
"1982-11-30","2.4"
"1982-12-01","-0.600000000000001"
"1982-12-02","-5.2"
"1982-12-03","0.199999999999999"
"1982-12-04","0.5"
"1982-12-05","0.9"
"1982-12-06","1.1"
"1982-12-07","-0.800000000000001"
"1982-12-08","-1.6"
"1982-12-09","2.4"
"1982-12-10","0"
"1982-12-11","-0.800000000000001"
"1982-12-12","0.4"
"1982-12-13","6.1"
"1982-12-14","-3.5"
"1982-12-15","0.100000000000001"
"1982-12-16","-1.4"
"1982-12-17","1.9"
"1982-12-18","-2.8"
"1982-12-19","0"
"1982-12-20","0.699999999999999"
"1982-12-21","-1.7"
"1982-12-22","-1.2"
"1982-12-23","4.8"
"1982-12-24","-0.299999999999999"
"1982-12-25","-1.4"
"1982-12-26","-0.9"
"1982-12-27","2.3"
"1982-12-28","1"
"1982-12-29","-0.5"
"1982-12-30","1.9"
"1982-12-31","-1.4"
"1983-01-01","2.1"
"1983-01-02","-3.4"
"1983-01-03","-4.1"
"1983-01-04","0.5"
"1983-01-05","3.4"
"1983-01-06","-2.7"
"1983-01-07","0.700000000000001"
"1983-01-08","3.4"
"1983-01-09","-0.699999999999999"
"1983-01-10","-2.5"
"1983-01-11","-2.5"
"1983-01-12","-1.4"
"1983-01-13","1.4"
"1983-01-14","1.3"
"1983-01-15","0.899999999999999"
"1983-01-16","0"
"1983-01-17","-1.2"
"1983-01-18","2.3"
"1983-01-19","-0.5"
"1983-01-20","-1.7"
"1983-01-21","3.8"
"1983-01-22","-3"
"1983-01-23","4.5"
"1983-01-24","-2.2"
"1983-01-25","-4.1"
"1983-01-26","5"
"1983-01-27","-4.9"
"1983-01-28","1.9"
"1983-01-29","1.2"
"1983-01-30","0.5"
"1983-01-31","-0.300000000000001"
"1983-02-01","4.1"
"1983-02-02","-0.800000000000001"
"1983-02-03","-4.3"
"1983-02-04","3"
"1983-02-05","-1.1"
"1983-02-06","1.3"
"1983-02-07","4.1"
"1983-02-08","2.2"
"1983-02-09","-5.3"
"1983-02-10","-1.3"
"1983-02-11","0.9"
"1983-02-12","-3"
"1983-02-13","-1"
"1983-02-14","1.2"
"1983-02-15","3.5"
"1983-02-16","4"
"1983-02-17","-4.7"
"1983-02-18","-3.2"
"1983-02-19","0.9"
"1983-02-20","-0.300000000000001"
"1983-02-21","1.5"
"1983-02-22","4"
"1983-02-23","-2.3"
"1983-02-24","-3"
"1983-02-25","2.5"
"1983-02-26","2.2"
"1983-02-27","1.3"
"1983-02-28","-0.299999999999997"
"1983-03-01","-0.200000000000003"
"1983-03-02","2.1"
"1983-03-03","-1.5"
"1983-03-04","1.6"
"1983-03-05","-1.5"
"1983-03-06","-5.6"
"1983-03-07","5.6"
"1983-03-08","0.899999999999999"
"1983-03-09","-5.3"
"1983-03-10","-2.1"
"1983-03-11","0.4"
"1983-03-12","6.6"
"1983-03-13","-5.2"
"1983-03-14","-0.700000000000001"
"1983-03-15","-2.1"
"1983-03-16","0.0999999999999996"
"1983-03-17","-0.699999999999999"
"1983-03-18","2.7"
"1983-03-19","2.4"
"1983-03-20","-2.1"
"1983-03-21","1.2"
"1983-03-22","-0.399999999999999"
"1983-03-23","-1.2"
"1983-03-24","-2.4"
"1983-03-25","-2.7"
"1983-03-26","1.4"
"1983-03-27","1.2"
"1983-03-28","-1.9"
"1983-03-29","-0.699999999999999"
"1983-03-30","3.9"
"1983-03-31","-0.5"
"1983-04-01","-0.9"
"1983-04-02","0.300000000000001"
"1983-04-03","-5"
"1983-04-04","3.3"
"1983-04-05","-0.4"
"1983-04-06","-3.6"
"1983-04-07","-0.399999999999999"
"1983-04-08","-1"
"1983-04-09","3.4"
"1983-04-10","6.1"
"1983-04-11","0.300000000000001"
"1983-04-12","-4.4"
"1983-04-13","0.6"
"1983-04-14","-0.199999999999999"
"1983-04-15","-1.7"
"1983-04-16","-3.6"
"1983-04-17","0.5"
"1983-04-18","0.8"
"1983-04-19","1.3"
"1983-04-20","-0.800000000000001"
"1983-04-21","2.4"
"1983-04-22","4.1"
"1983-04-23","2"
"1983-04-24","-2.4"
"1983-04-25","-3.6"
"1983-04-26","2.1"
"1983-04-27","0.4"
"1983-04-28","-4.3"
"1983-04-29","1.4"
"1983-04-30","1.9"
"1983-05-01","0.5"
"1983-05-02","1"
"1983-05-03","0.199999999999999"
"1983-05-04","-0.199999999999999"
"1983-05-05","-2.8"
"1983-05-06","2.3"
"1983-05-07","-1.4"
"1983-05-08","1.4"
"1983-05-09","-1.8"
"1983-05-10","2.3"
"1983-05-11","-0.6"
"1983-05-12","-6.1"
"1983-05-13","3.2"
"1983-05-14","4.5"
"1983-05-15","-2.8"
"1983-05-16","-5"
"1983-05-17","-2.1"
"1983-05-18","0.300000000000001"
"1983-05-19","2.5"
"1983-05-20","0.9"
"1983-05-21","-0.800000000000001"
"1983-05-22","-1.3"
"1983-05-23","1.6"
"1983-05-24","5.4"
"1983-05-25","-1.3"
"1983-05-26","-5.4"
"1983-05-27","1.8"
"1983-05-28","3.8"
"1983-05-29","-2.8"
"1983-05-30","-1.8"
"1983-05-31","1.8"
"1983-06-01","1.7"
"1983-06-02","-0.199999999999999"
"1983-06-03","-5.5"
"1983-06-04","2.3"
"1983-06-05","-2"
"1983-06-06","1.6"
"1983-06-07","2.4"
"1983-06-08","-2.6"
"1983-06-09","1.3"
"1983-06-10","-0.500000000000001"
"1983-06-11","-3.1"
"1983-06-12","2.1"
"1983-06-13","0.4"
"1983-06-14","1.1"
"1983-06-15","1.2"
"1983-06-16","-4.8"
"1983-06-17","-1.7"
"1983-06-18","-1.5"
"1983-06-19","1"
"1983-06-20","3.7"
"1983-06-21","5.4"
"1983-06-22","-5"
"1983-06-23","0"
"1983-06-24","1.4"
"1983-06-25","-0.0999999999999996"
"1983-06-26","-4.6"
"1983-06-27","0.6"
"1983-06-28","2.1"
"1983-06-29","-2"
"1983-06-30","1.5"
"1983-07-01","3"
"1983-07-02","1.3"
"1983-07-03","-0.300000000000001"
"1983-07-04","-2.3"
"1983-07-05","0.899999999999999"
"1983-07-06","-0.0999999999999996"
"1983-07-07","0.5"
"1983-07-08","0.300000000000001"
"1983-07-09","-0.5"
"1983-07-10","-5.9"
"1983-07-11","2.5"
"1983-07-12","1"
"1983-07-13","0.8"
"1983-07-14","1.7"
"1983-07-15","-1.9"
"1983-07-16","1.4"
"1983-07-17","-3.8"
"1983-07-18","1.3"
"1983-07-19","2.1"
"1983-07-20","-3.6"
"1983-07-21","-1.4"
"1983-07-22","2.8"
"1983-07-23","1.3"
"1983-07-24","-6.6"
"1983-07-25","0.7"
"1983-07-26","6.9"
"1983-07-27","4.7"
"1983-07-28","-3.1"
"1983-07-29","0.4"
"1983-07-30","-0.0999999999999996"
"1983-07-31","0.5"
"1983-08-01","-2.3"
"1983-08-02","0.3"
"1983-08-03","0.300000000000001"
"1983-08-04","0"
"1983-08-05","-3.8"
"1983-08-06","2"
"1983-08-07","2.9"
"1983-08-08","0"
"1983-08-09","1.1"
"1983-08-10","0.199999999999999"
"1983-08-11","-0.799999999999999"
"1983-08-12","-2.3"
"1983-08-13","-1.8"
"1983-08-14","2.7"
"1983-08-15","5.3"
"1983-08-16","0.5"
"1983-08-17","-6"
"1983-08-18","-3"
"1983-08-19","-2.3"
"1983-08-20","2.2"
"1983-08-21","5.1"
"1983-08-22","0.799999999999999"
"1983-08-23","-0.6"
"1983-08-24","-1.5"
"1983-08-25","4"
"1983-08-26","-6.6"
"1983-08-27","2"
"1983-08-28","-1.7"
"1983-08-29","1.6"
"1983-08-30","2.9"
"1983-08-31","-1.2"
"1983-09-01","0.0999999999999996"
"1983-09-02","0.5"
"1983-09-03","0.300000000000001"
"1983-09-04","-5.2"
"1983-09-05","3.8"
"1983-09-06","0.9"
"1983-09-07","0.699999999999999"
"1983-09-08","1.1"
"1983-09-09","-1.6"
"1983-09-10","-1.8"
"1983-09-11","0.399999999999999"
"1983-09-12","-3.7"
"1983-09-13","1.6"
"1983-09-14","-0.6"
"1983-09-15","-2.2"
"1983-09-16","0.7"
"1983-09-17","6.2"
"1983-09-18","-3.7"
"1983-09-19","4.5"
"1983-09-20","1.6"
"1983-09-21","-5.3"
"1983-09-22","0.199999999999999"
"1983-09-23","4.4"
"1983-09-24","-5.2"
"1983-09-25","-0.100000000000001"
"1983-09-26","-4.1"
"1983-09-27","6.9"
"1983-09-28","5"
"1983-09-29","-4.8"
"1983-09-30","-1"
"1983-10-01","-0.299999999999999"
"1983-10-02","4.6"
"1983-10-03","-6.2"
"1983-10-04","1.8"
"1983-10-05","-1.9"
"1983-10-06","-0.699999999999999"
"1983-10-07","-0.100000000000001"
"1983-10-08","-1"
"1983-10-09","0.2"
"1983-10-10","2.3"
"1983-10-11","0.799999999999999"
"1983-10-12","3.4"
"1983-10-13","0.699999999999999"
"1983-10-14","3"
"1983-10-15","-3.7"
"1983-10-16","-0.699999999999999"
"1983-10-17","-1.2"
"1983-10-18","-0.6"
"1983-10-19","2.2"
"1983-10-20","-3.3"
"1983-10-21","1.4"
"1983-10-22","-2.8"
"1983-10-23","4.1"
"1983-10-24","1"
"1983-10-25","0.300000000000001"
"1983-10-26","-1.2"
"1983-10-27","2.3"
"1983-10-28","-1.7"
"1983-10-29","-3.3"
"1983-10-30","0.199999999999999"
"1983-10-31","0.600000000000001"
"1983-11-01","2"
"1983-11-02","-1.2"
"1983-11-03","2"
"1983-11-04","-1.6"
"1983-11-05","-2.8"
"1983-11-06","-0.699999999999999"
"1983-11-07","6.1"
"1983-11-08","1.2"
"1983-11-09","-3.9"
"1983-11-10","-3.2"
"1983-11-11","2.5"
"1983-11-12","0.600000000000001"
"1983-11-13","0"
"1983-11-14","1.7"
"1983-11-15","0.699999999999999"
"1983-11-16","-4.5"
"1983-11-17","-3"
"1983-11-18","4.1"
"1983-11-19","-2.5"
"1983-11-20","3.5"
"1983-11-21","-0.800000000000001"
"1983-11-22","6.2"
"1983-11-23","-1.2"
"1983-11-24","-0.5"
"1983-11-25","1.4"
"1983-11-26","-1"
"1983-11-27","-0.700000000000001"
"1983-11-28","1.6"
"1983-11-29","1.4"
"1983-11-30","0.400000000000002"
"1983-12-01","-5.5"
"1983-12-02","-0.699999999999999"
"1983-12-03","1.6"
"1983-12-04","0.199999999999999"
"1983-12-05","-1.2"
"1983-12-06","3.3"
"1983-12-07","-2.6"
"1983-12-08","-0.6"
"1983-12-09","1.7"
"1983-12-10","-2.9"
"1983-12-11","1.1"
"1983-12-12","4.5"
"1983-12-13","-1.5"
"1983-12-14","-3.8"
"1983-12-15","2.7"
"1983-12-16","1.1"
"1983-12-17","-0.199999999999999"
"1983-12-18","0.199999999999999"
"1983-12-19","-1.7"
"1983-12-20","7.1"
"1983-12-21","-2.4"
"1983-12-22","-5.8"
"1983-12-23","4.5"
"1983-12-24","-2.9"
"1983-12-25","3.7"
"1983-12-26","-2.5"
"1983-12-27","-1.1"
"1983-12-28","-2.8"
"1983-12-29","5"
"1983-12-30","4.3"
"1983-12-31","-2.4"
"1984-01-01","1.5"
"1984-01-02","-2.4"
"1984-01-03","0"
"1984-01-04","-5.1"
"1984-01-05","-1"
"1984-01-06","5.3"
"1984-01-07","-0.199999999999999"
"1984-01-08","-3.1"
"1984-01-09","0.4"
"1984-01-10","1.8"
"1984-01-11","-2.7"
"1984-01-12","1.8"
"1984-01-13","2.2"
"1984-01-14","2.1"
"1984-01-15","-0.600000000000001"
"1984-01-16","0.199999999999999"
"1984-01-17","-6.8"
"1984-01-18","0.5"
"1984-01-19","0.299999999999999"
"1984-01-20","2.6"
"1984-01-21","-1.7"
"1984-01-22","-0.4"
"1984-01-23","-2.2"
"1984-01-24","3.3"
"1984-01-25","5"
"1984-01-26","-4.9"
"1984-01-27","-2.7"
"1984-01-28","-0.6"
"1984-01-29","4.1"
"1984-01-30","-1.6"
"1984-01-31","-1"
"1984-02-01","2.6"
"1984-02-02","-3.6"
"1984-02-03","1.9"
"1984-02-04","2.6"
"1984-02-05","-1.4"
"1984-02-06","1.3"
"1984-02-07","2.5"
"1984-02-08","-3"
"1984-02-09","0.9"
"1984-02-10","-0.4"
"1984-02-11","0.300000000000001"
"1984-02-12","0.800000000000001"
"1984-02-13","-3"
"1984-02-14","0.200000000000001"
"1984-02-15","0.799999999999999"
"1984-02-16","1"
"1984-02-17","1"
"1984-02-18","-2.3"
"1984-02-19","2"
"1984-02-20","2.6"
"1984-02-21","-0.199999999999999"
"1984-02-22","-4.2"
"1984-02-23","2"
"1984-02-24","-2.4"
"1984-02-25","-0.6"
"1984-02-26","-1.8"
"1984-02-27","3.4"
"1984-02-28","-3.9"
"1984-02-29","2.3"
"1984-03-01","-0.9"
"1984-03-02","-3.8"
"1984-03-03","1.7"
"1984-03-04","1.6"
"1984-03-05","2.4"
"1984-03-06","5"
"1984-03-07","-5.5"
"1984-03-08","-0.199999999999999"
"1984-03-09","-3.3"
"1984-03-10","3.3"
"1984-03-11","-2.4"
"1984-03-12","4.2"
"1984-03-13","-4.5"
"1984-03-14","1"
"1984-03-15","2.1"
"1984-03-16","-3.3"
"1984-03-17","3.3"
"1984-03-18","-0.399999999999999"
"1984-03-19","1.3"
"1984-03-20","-1.1"
"1984-03-21","-1.9"
"1984-03-22","1.7"
"1984-03-23","2.8"
"1984-03-24","1.2"
"1984-03-25","-8.4"
"1984-03-26","0.799999999999999"
"1984-03-27","-2.8"
"1984-03-28","1.3"
"1984-03-29","5.3"
"1984-03-30","1.3"
"1984-03-31","-4.2"
"1984-04-01","-1.4"
"1984-04-02","0.600000000000001"
"1984-04-03","-1.1"
"1984-04-04","-1"
"1984-04-05","1.5"
"1984-04-06","2.7"
"1984-04-07","0.0999999999999996"
"1984-04-08","-3.5"
"1984-04-09","0.699999999999999"
"1984-04-10","0.4"
"1984-04-11","1.1"
"1984-04-12","0.800000000000001"
"1984-04-13","-0.9"
"1984-04-14","-0.299999999999999"
"1984-04-15","2"
"1984-04-16","-3"
"1984-04-17","3.9"
"1984-04-18","-2.7"
"1984-04-19","2.2"
"1984-04-20","-0.199999999999999"
"1984-04-21","-2.8"
"1984-04-22","3"
"1984-04-23","-3.9"
"1984-04-24","1.8"
"1984-04-25","-0.799999999999999"
"1984-04-26","-1.6"
"1984-04-27","3"
"1984-04-28","0.800000000000001"
"1984-04-29","-6"
"1984-04-30","3.1"
"1984-05-01","4.2"
"1984-05-02","0.899999999999999"
"1984-05-03","-5.6"
"1984-05-04","-4.3"
"1984-05-05","-1.5"
"1984-05-06","0.2"
"1984-05-07","2.2"
"1984-05-08","-0.2"
"1984-05-09","1.5"
"1984-05-10","2.5"
"1984-05-11","0.4"
"1984-05-12","-5"
"1984-05-13","1.4"
"1984-05-14","-1.5"
"1984-05-15","1.4"
"1984-05-16","0.899999999999999"
"1984-05-17","0.4"
"1984-05-18","1.9"
"1984-05-19","-0.700000000000001"
"1984-05-20","0.800000000000001"
"1984-05-21","2.6"
"1984-05-22","-2.6"
"1984-05-23","-0.199999999999999"
"1984-05-24","-0.800000000000001"
"1984-05-25","-0.5"
"1984-05-26","1.8"
"1984-05-27","-3.6"
"1984-05-28","1.1"
"1984-05-29","3.6"
"1984-05-30","-0.9"
"1984-05-31","-1.3"
"1984-06-01","0.300000000000001"
"1984-06-02","1.8"
"1984-06-03","1.6"
"1984-06-04","-5.2"
"1984-06-05","0"
"1984-06-06","3.9"
"1984-06-07","-1.8"
"1984-06-08","0.799999999999999"
"1984-06-09","-6.2"
"1984-06-10","1.1"
"1984-06-11","3.2"
"1984-06-12","-5.4"
"1984-06-13","1.5"
"1984-06-14","3.8"
"1984-06-15","3"
"1984-06-16","-6.4"
"1984-06-17","0.6"
"1984-06-18","4.7"
"1984-06-19","-4.4"
"1984-06-20","-3.4"
"1984-06-21","4.9"
"1984-06-22","1.2"
"1984-06-23","0.299999999999999"
"1984-06-24","1.5"
"1984-06-25","-1.8"
"1984-06-26","-1.1"
"1984-06-27","0.5"
"1984-06-28","0.0999999999999996"
"1984-06-29","1.3"
"1984-06-30","0.300000000000001"
"1984-07-01","-1.6"
"1984-07-02","-5.2"
"1984-07-03","-0.2"
"1984-07-04","1.5"
"1984-07-05","-2.6"
"1984-07-06","0.8"
"1984-07-07","5.3"
"1984-07-08","-0.2"
"1984-07-09","1.6"
"1984-07-10","0.0999999999999996"
"1984-07-11","-0.0999999999999996"
"1984-07-12","-0.800000000000001"
"1984-07-13","-7.3"
"1984-07-14","-0.6"
"1984-07-15","0.8"
"1984-07-16","6.9"
"1984-07-17","-0.6"
"1984-07-18","0.8"
"1984-07-19","-3.4"
"1984-07-20","0.600000000000001"
"1984-07-21","0.6"
"1984-07-22","1"
"1984-07-23","1.3"
"1984-07-24","-0.6"
"1984-07-25","-2.1"
"1984-07-26","-0.800000000000001"
"1984-07-27","1.8"
"1984-07-28","3.3"
"1984-07-29","-2.7"
"1984-07-30","3"
"1984-07-31","0.6"
"1984-08-01","0.9"
"1984-08-02","-1.3"
"1984-08-03","0.9"
"1984-08-04","-0.0999999999999996"
"1984-08-05","-2.1"
"1984-08-06","1"
"1984-08-07","1.8"
"1984-08-08","-0.0999999999999996"
"1984-08-09","-2.6"
"1984-08-10","-2.7"
"1984-08-11","2.4"
"1984-08-12","-0.199999999999999"
"1984-08-13","0"
"1984-08-14","-0.5"
"1984-08-15","-2"
"1984-08-16","2"
"1984-08-17","0.5"
"1984-08-18","-0.8"
"1984-08-19","0.7"
"1984-08-20","0.6"
"1984-08-21","-0.699999999999999"
"1984-08-22","-1.5"
"1984-08-23","2.5"
"1984-08-24","-2.6"
"1984-08-25","2.3"
"1984-08-26","-1.7"
"1984-08-27","-1"
"1984-08-28","1.6"
"1984-08-29","-2.7"
"1984-08-30","3.8"
"1984-08-31","2.3"
"1984-09-01","-2.1"
"1984-09-02","2.1"
"1984-09-03","-4.3"
"1984-09-04","1"
"1984-09-05","-3.4"
"1984-09-06","3.9"
"1984-09-07","1"
"1984-09-08","-0.0999999999999996"
"1984-09-09","1.1"
"1984-09-10","-0.800000000000001"
"1984-09-11","-4.8"
"1984-09-12","3.1"
"1984-09-13","-2.2"
"1984-09-14","-0.3"
"1984-09-15","5.4"
"1984-09-16","0.799999999999999"
"1984-09-17","-2.5"
"1984-09-18","-0.299999999999999"
"1984-09-19","2.4"
"1984-09-20","-2.7"
"1984-09-21","-2.4"
"1984-09-22","0.399999999999999"
"1984-09-23","2.5"
"1984-09-24","-3"
"1984-09-25","1.4"
"1984-09-26","3.2"
"1984-09-27","-4.4"
"1984-09-28","-0.8"
"1984-09-29","1.2"
"1984-09-30","-2.5"
"1984-10-01","7.1"
"1984-10-02","5"
"1984-10-03","-5.8"
"1984-10-04","-0.199999999999999"
"1984-10-05","-2.4"
"1984-10-06","-0.2"
"1984-10-07","8.3"
"1984-10-08","-1.4"
"1984-10-09","-2.1"
"1984-10-10","-4.4"
"1984-10-11","4.1"
"1984-10-12","5"
"1984-10-13","-7.8"
"1984-10-14","-0.700000000000001"
"1984-10-15","-2.8"
"1984-10-16","-1.1"
"1984-10-17","2.6"
"1984-10-18","2"
"1984-10-19","0.299999999999999"
"1984-10-20","0.200000000000001"
"1984-10-21","-3.4"
"1984-10-22","3.3"
"1984-10-23","8.4"
"1984-10-24","-6.9"
"1984-10-25","-2.2"
"1984-10-26","0.5"
"1984-10-27","3.9"
"1984-10-28","-2.8"
"1984-10-29","-0.699999999999999"
"1984-10-30","-1.5"
"1984-10-31","4.1"
"1984-11-01","4"
"1984-11-02","-5"
"1984-11-03","0.6"
"1984-11-04","-1"
"1984-11-05","-2"
"1984-11-06","0.700000000000001"
"1984-11-07","2"
"1984-11-08","3.7"
"1984-11-09","3.4"
"1984-11-10","-6.2"
"1984-11-11","-0.600000000000001"
"1984-11-12","-0.199999999999999"
"1984-11-13","-0.9"
"1984-11-14","0.700000000000001"
"1984-11-15","-4.2"
"1984-11-16","5.4"
"1984-11-17","-0.300000000000001"
"1984-11-18","3.3"
"1984-11-19","-1.2"
"1984-11-20","-0.600000000000001"
"1984-11-21","-4.2"
"1984-11-22","-1.2"
"1984-11-23","2.8"
"1984-11-24","-3"
"1984-11-25","6"
"1984-11-26","9.7"
"1984-11-27","-12.7"
"1984-11-28","-0.799999999999999"
"1984-11-29","1.2"
"1984-11-30","-1"
"1984-12-01","1.6"
"1984-12-02","-1.8"
"1984-12-03","-1.7"
"1984-12-04","1.9"
"1984-12-05","2"
"1984-12-06","-0.199999999999999"
"1984-12-07","-2.9"
"1984-12-08","1.7"
"1984-12-09","-1.1"
"1984-12-10","5.4"
"1984-12-11","-3.7"
"1984-12-12","0.800000000000001"
"1984-12-13","-0.5"
"1984-12-14","0"
"1984-12-15","-1.1"
"1984-12-16","0.699999999999999"
"1984-12-17","4.7"
"1984-12-18","-4.7"
"1984-12-19","-0.799999999999999"
"1984-12-20","-0.9"
"1984-12-21","3.8"
"1984-12-22","-2.8"
"1984-12-23","2.3"
"1984-12-24","2.8"
"1984-12-25","-3.7"
"1984-12-26","-0.600000000000001"
"1984-12-27","-0.199999999999999"
"1984-12-28","0.6"
"1984-12-29","3.4"
"1984-12-30","0.399999999999999"
"1985-01-01","-3.1"
"1985-01-02","1.9"
"1985-01-03","-2.1"
"1985-01-04","-0.4"
"1985-01-05","1.9"
"1985-01-06","-3.6"
"1985-01-07","2.2"
"1985-01-08","-1"
"1985-01-09","2.2"
"1985-01-10","-0.700000000000001"
"1985-01-11","0.800000000000001"
"1985-01-12","-0.4"
"1985-01-13","0.300000000000001"
"1985-01-14","5.3"
"1985-01-15","-3.2"
"1985-01-16","-0.6"
"1985-01-17","-4.1"
"1985-01-18","0.199999999999999"
"1985-01-19","-0.6"
"1985-01-20","3"
"1985-01-21","-2"
"1985-01-22","2.7"
"1985-01-23","0.5"
"1985-01-24","-0.4"
"1985-01-25","-2.4"
"1985-01-26","0.5"
"1985-01-27","4.2"
"1985-01-28","-2.1"
"1985-01-29","-1.9"
"1985-01-30","3.2"
"1985-01-31","-1.5"
"1985-02-01","-0.299999999999999"
"1985-02-02","-4.7"
"1985-02-03","3.4"
"1985-02-04","5.4"
"1985-02-05","-3.3"
"1985-02-06","2.3"
"1985-02-07","-3.2"
"1985-02-08","-0.9"
"1985-02-09","-0.9"
"1985-02-10","2.3"
"1985-02-11","-1"
"1985-02-12","1.3"
"1985-02-13","0.4"
"1985-02-14","-1.1"
"1985-02-15","-3.8"
"1985-02-16","3.7"
"1985-02-17","-1.8"
"1985-02-18","-0.800000000000001"
"1985-02-19","-1.3"
"1985-02-20","3.7"
"1985-02-21","2"
"1985-02-22","1.5"
"1985-02-23","-4.7"
"1985-02-24","-3.1"
"1985-02-25","3.3"
"1985-02-26","0.200000000000001"
"1985-02-27","-3.5"
"1985-02-28","0.699999999999999"
"1985-03-01","3.3"
"1985-03-02","1.2"
"1985-03-03","-0.800000000000001"
"1985-03-04","-2"
"1985-03-05","-2"
"1985-03-06","1.9"
"1985-03-07","-2.8"
"1985-03-08","3.4"
"1985-03-09","2"
"1985-03-10","1.4"
"1985-03-11","4.4"
"1985-03-12","1.4"
"1985-03-13","-5.4"
"1985-03-14","4.7"
"1985-03-15","-0.300000000000001"
"1985-03-16","-2.8"
"1985-03-17","-2.4"
"1985-03-18","0.600000000000001"
"1985-03-19","0.199999999999999"
"1985-03-20","1.4"
"1985-03-21","-1.2"
"1985-03-22","1.2"
"1985-03-23","0.400000000000002"
"1985-03-24","-2.3"
"1985-03-25","-3.2"
"1985-03-26","-1.1"
"1985-03-27","-0.899999999999999"
"1985-03-28","2.5"
"1985-03-29","2.8"
"1985-03-30","-2.6"
"1985-03-31","0.300000000000001"
"1985-04-01","2.1"
"1985-04-02","-4.5"
"1985-04-03","3.8"
"1985-04-04","1.9"
"1985-04-05","-0.100000000000001"
"1985-04-06","-1.6"
"1985-04-07","0.299999999999999"
"1985-04-08","-0.199999999999999"
"1985-04-09","-0.0999999999999996"
"1985-04-10","0.299999999999999"
"1985-04-11","0"
"1985-04-12","3.3"
"1985-04-13","-1.3"
"1985-04-14","3.6"
"1985-04-15","-6.7"
"1985-04-16","-4.1"
"1985-04-17","-2.9"
"1985-04-18","1.4"
"1985-04-19","-0.199999999999999"
"1985-04-20","1.3"
"1985-04-21","-4.3"
"1985-04-22","2.3"
"1985-04-23","-1.8"
"1985-04-24","1.9"
"1985-04-25","-0.299999999999999"
"1985-04-26","0.9"
"1985-04-27","0.699999999999999"
"1985-04-28","0.5"
"1985-04-29","1.5"
"1985-04-30","-1.9"
"1985-05-01","-0.699999999999999"
"1985-05-02","0.699999999999999"
"1985-05-03","-2.1"
"1985-05-04","2.6"
"1985-05-05","3"
"1985-05-06","1.8"
"1985-05-07","-6.4"
"1985-05-08","1.4"
"1985-05-09","0.6"
"1985-05-10","1.1"
"1985-05-11","1.3"
"1985-05-12","-2.1"
"1985-05-13","-4.6"
"1985-05-14","3.1"
"1985-05-15","1"
"1985-05-16","-3"
"1985-05-17","-3.3"
"1985-05-18","3.1"
"1985-05-19","-0.699999999999999"
"1985-05-20","0.6"
"1985-05-21","1"
"1985-05-22","-3"
"1985-05-23","4"
"1985-05-24","-2.2"
"1985-05-25","-1.9"
"1985-05-26","0.0999999999999996"
"1985-05-27","2.6"
"1985-05-28","3.1"
"1985-05-29","2.2"
"1985-05-30","-1.8"
"1985-05-31","-1.5"
"1985-06-01","-5.8"
"1985-06-02","1.2"
"1985-06-03","-1.1"
"1985-06-04","1.5"
"1985-06-05","-0.2"
"1985-06-06","2.5"
"1985-06-07","0"
"1985-06-08","-4"
"1985-06-09","2.3"
"1985-06-10","3.5"
"1985-06-11","-1.2"
"1985-06-12","-2.2"
"1985-06-13","1.2"
"1985-06-14","2.3"
"1985-06-15","-3"
"1985-06-16","0.600000000000001"
"1985-06-17","0.8"
"1985-06-18","-1.2"
"1985-06-19","-0.399999999999999"
"1985-06-20","1.5"
"1985-06-21","-1.3"
"1985-06-22","-0.8"
"1985-06-23","-5.7"
"1985-06-24","1"
"1985-06-25","5.4"
"1985-06-26","1.3"
"1985-06-27","-0.300000000000001"
"1985-06-28","2.2"
"1985-06-29","0.4"
"1985-06-30","-0.199999999999999"
"1985-07-01","1.2"
"1985-07-02","-0.6"
"1985-07-03","-0.300000000000001"
"1985-07-04","-3.4"
"1985-07-05","-3.1"
"1985-07-06","0.5"
"1985-07-07","0.899999999999999"
"1985-07-08","2.1"
"1985-07-09","-0.2"
"1985-07-10","-2.6"
"1985-07-11","1"
"1985-07-12","1.9"
"1985-07-13","-2"
"1985-07-14","1.2"
"1985-07-15","1.4"
"1985-07-16","-2.2"
"1985-07-17","1.3"
"1985-07-18","-2.7"
"1985-07-19","-1.5"
"1985-07-20","-0.0999999999999996"
"1985-07-21","3.8"
"1985-07-22","1.4"
"1985-07-23","-8.1"
"1985-07-24","0"
"1985-07-25","1.8"
"1985-07-26","6.4"
"1985-07-27","-7.1"
"1985-07-28","2.7"
"1985-07-29","6.2"
"1985-07-30","-3.7"
"1985-07-31","-0.5"
"1985-08-01","0.9"
"1985-08-02","-1.9"
"1985-08-03","1.2"
"1985-08-04","0.600000000000001"
"1985-08-05","4.5"
"1985-08-06","-1"
"1985-08-07","-0.0999999999999996"
"1985-08-08","-1.1"
"1985-08-09","-2"
"1985-08-10","0.3"
"1985-08-11","-3.5"
"1985-08-12","1.6"
"1985-08-13","1.1"
"1985-08-14","1.7"
"1985-08-15","2.6"
"1985-08-16","-2.6"
"1985-08-17","0.4"
"1985-08-18","-0.200000000000001"
"1985-08-19","-0.299999999999999"
"1985-08-20","-4.3"
"1985-08-21","-0.4"
"1985-08-22","2.1"
"1985-08-23","4.9"
"1985-08-24","-3.7"
"1985-08-25","3.1"
"1985-08-26","-0.199999999999999"
"1985-08-27","-2.6"
"1985-08-28","3.3"
"1985-08-29","-6.9"
"1985-08-30","1.7"
"1985-08-31","3.1"
"1985-09-01","1.9"
"1985-09-02","-2.4"
"1985-09-03","0.6"
"1985-09-04","-0.6"
"1985-09-05","0.0999999999999996"
"1985-09-06","1.8"
"1985-09-07","-3.1"
"1985-09-08","-1.9"
"1985-09-09","5.1"
"1985-09-10","2.9"
"1985-09-11","-1.9"
"1985-09-12","0.799999999999999"
"1985-09-13","0"
"1985-09-14","-0.699999999999999"
"1985-09-15","-2.8"
"1985-09-16","-0.699999999999999"
"1985-09-17","-2.1"
"1985-09-18","1.8"
"1985-09-19","2.5"
"1985-09-20","-1.3"
"1985-09-21","0.6"
"1985-09-22","-0.300000000000001"
"1985-09-23","-2.1"
"1985-09-24","5"
"1985-09-25","1.5"
"1985-09-26","-6.4"
"1985-09-27","-0.2"
"1985-09-28","1.2"
"1985-09-29","0.999999999999999"
"1985-09-30","-1.5"
"1985-10-01","3.3"
"1985-10-02","-1.9"
"1985-10-03","-1.4"
"1985-10-04","4.2"
"1985-10-05","4.8"
"1985-10-06","-10.1"
"1985-10-07","3.5"
"1985-10-08","1.5"
"1985-10-09","2.5"
"1985-10-10","-2.9"
"1985-10-11","4"
"1985-10-12","-3.1"
"1985-10-13","-4.3"
"1985-10-14","0.7"
"1985-10-15","1.6"
"1985-10-16","6.4"
"1985-10-17","-0.9"
"1985-10-18","-2.3"
"1985-10-19","-6.6"
"1985-10-20","0.899999999999999"
"1985-10-21","1.3"
"1985-10-22","1.6"
"1985-10-23","2.7"
"1985-10-24","-2.7"
"1985-10-25","0.199999999999999"
"1985-10-26","-3.7"
"1985-10-27","2.7"
"1985-10-28","2.7"
"1985-10-29","2.8"
"1985-10-30","-3.3"
"1985-10-31","-4.6"
"1985-11-01","0.600000000000001"
"1985-11-02","3.8"
"1985-11-03","-2"
"1985-11-04","3.4"
"1985-11-05","3.4"
"1985-11-06","1.1"
"1985-11-07","-1.8"
"1985-11-08","-2"
"1985-11-09","2.1"
"1985-11-10","-2.2"
"1985-11-11","1.2"
"1985-11-12","-0.4"
"1985-11-13","1.5"
"1985-11-14","5.5"
"1985-11-15","-11"
"1985-11-16","-0.4"
"1985-11-17","2.4"
"1985-11-18","0.199999999999999"
"1985-11-19","-0.899999999999999"
"1985-11-20","1.9"
"1985-11-21","-2.7"
"1985-11-22","-0.4"
"1985-11-23","-1.3"
"1985-11-24","4.9"
"1985-11-25","2.5"
"1985-11-26","-0.199999999999999"
"1985-11-27","-2"
"1985-11-28","-0.300000000000001"
"1985-11-29","-1.2"
"1985-11-30","0.300000000000001"
"1985-12-01","-0.5"
"1985-12-02","2.9"
"1985-12-03","-0.199999999999999"
"1985-12-04","1.4"
"1985-12-05","-0.299999999999997"
"1985-12-06","-1.5"
"1985-12-07","3.6"
"1985-12-08","-1.8"
"1985-12-09","0.200000000000003"
"1985-12-10","-1.9"
"1985-12-11","1.1"
"1985-12-12","-1.7"
"1985-12-13","-0.6"
"1985-12-14","0.0999999999999996"
"1985-12-15","0.0999999999999996"
"1985-12-16","-0.0999999999999996"
"1985-12-17","-1.5"
"1985-12-18","0.6"
"1985-12-19","0.600000000000001"
"1985-12-20","0.899999999999999"
"1985-12-21","0.800000000000001"
"1985-12-22","-1.3"
"1985-12-23","-1.7"
"1985-12-24","1.1"
"1985-12-25","0.0999999999999996"
"1985-12-26","0.100000000000001"
"1985-12-27","-1.8"
"1985-12-28","-0.699999999999999"
"1985-12-29","1.2"
"1985-12-30","4.3"
"1985-12-31","-1.9"
"1986-01-01","-1.5"
"1986-01-02","0.9"
"1986-01-03","-3.2"
"1986-01-04","2"
"1986-01-05","1.1"
"1986-01-06","-1.1"
"1986-01-07","0.5"
"1986-01-08","2.3"
"1986-01-09","-3.5"
"1986-01-10","1.9"
"1986-01-11","0.6"
"1986-01-12","0.799999999999999"
"1986-01-13","-2.7"
"1986-01-14","-0.300000000000001"
"1986-01-15","3.9"
"1986-01-16","-1.5"
"1986-01-17","-3"
"1986-01-18","1.5"
"1986-01-19","-0.299999999999999"
"1986-01-20","2.4"
"1986-01-21","-1.4"
"1986-01-22","1.2"
"1986-01-23","-1.5"
"1986-01-24","-1.7"
"1986-01-25","3.5"
"1986-01-26","-1.8"
"1986-01-27","1.8"
"1986-01-28","-1.5"
"1986-01-29","2"
"1986-01-30","1.6"
"1986-01-31","-2.1"
"1986-02-01","-0.700000000000001"
"1986-02-02","0.200000000000001"
"1986-02-03","-4.1"
"1986-02-04","0.9"
"1986-02-05","2"
"1986-02-06","0.800000000000001"
"1986-02-07","-2.6"
"1986-02-08","4"
"1986-02-09","0.199999999999999"
"1986-02-10","-4.2"
"1986-02-11","2.7"
"1986-02-12","-3.8"
"1986-02-13","3.5"
"1986-02-14","5.3"
"1986-02-15","1.9"
"1986-02-16","-3.5"
"1986-02-17","-0.5"
"1986-02-18","-4.7"
"1986-02-19","1.1"
"1986-02-20","0.199999999999999"
"1986-02-21","1"
"1986-02-22","-0.5"
"1986-02-23","-1.4"
"1986-02-24","-1.7"
"1986-02-25","1.1"
"1986-02-26","-0.5"
"1986-02-27","1.4"
"1986-02-28","1"
"1986-03-01","3.3"
"1986-03-02","-3.8"
"1986-03-03","-0.6"
"1986-03-04","1.3"
"1986-03-05","1.8"
"1986-03-06","0.400000000000002"
"1986-03-07","3.2"
"1986-03-08","-7.5"
"1986-03-09","0.199999999999999"
"1986-03-10","-1"
"1986-03-11","1"
"1986-03-12","-4.1"
"1986-03-13","3.3"
"1986-03-14","4.1"
"1986-03-15","-0.800000000000001"
"1986-03-16","-1.8"
"1986-03-17","-1.8"
"1986-03-18","-0.5"
"1986-03-19","4.5"
"1986-03-20","1.4"
"1986-03-21","1.5"
"1986-03-22","-1.1"
"1986-03-23","-0.899999999999999"
"1986-03-24","-0.300000000000001"
"1986-03-25","-0.0999999999999979"
"1986-03-26","-2.9"
"1986-03-27","4.8"
"1986-03-28","-5.2"
"1986-03-29","-1.1"
"1986-03-30","5"
"1986-03-31","-1.1"
"1986-04-01","-5.4"
"1986-04-02","0.100000000000001"
"1986-04-03","4.7"
"1986-04-04","3"
"1986-04-05","-4.2"
"1986-04-06","-3.3"
"1986-04-07","1.3"
"1986-04-08","-4.6"
"1986-04-09","4.4"
"1986-04-10","-4.2"
"1986-04-11","6.8"
"1986-04-12","-2"
"1986-04-13","-3.2"
"1986-04-14","3.3"
"1986-04-15","7.4"
"1986-04-16","-6.9"
"1986-04-17","-0.4"
"1986-04-18","-0.4"
"1986-04-19","0"
"1986-04-20","-0.9"
"1986-04-21","1.6"
"1986-04-22","1.5"
"1986-04-23","-2.6"
"1986-04-24","0.4"
"1986-04-25","-0.5"
"1986-04-26","-3.2"
"1986-04-27","2.2"
"1986-04-28","-1.5"
"1986-04-29","-2.1"
"1986-04-30","2.5"
"1986-05-01","1.7"
"1986-05-02","-2"
"1986-05-03","-1.4"
"1986-05-04","2.3"
"1986-05-05","0.4"
"1986-05-06","-2.4"
"1986-05-07","1.8"
"1986-05-08","2.6"
"1986-05-09","0.5"
"1986-05-10","-0.6"
"1986-05-11","-5.4"
"1986-05-12","3.6"
"1986-05-13","0.5"
"1986-05-14","-1.3"
"1986-05-15","1.4"
"1986-05-16","0.4"
"1986-05-17","1.9"
"1986-05-18","-2.5"
"1986-05-19","1.1"
"1986-05-20","0.0999999999999996"
"1986-05-21","-1.7"
"1986-05-22","-0.4"
"1986-05-23","-0.4"
"1986-05-24","1.7"
"1986-05-25","-2.8"
"1986-05-26","-2.2"
"1986-05-27","1.9"
"1986-05-28","2.5"
"1986-05-29","-0.399999999999999"
"1986-05-30","-0.800000000000001"
"1986-05-31","1.4"
"1986-06-01","0"
"1986-06-02","-6.6"
"1986-06-03","0.9"
"1986-06-04","5.8"
"1986-06-05","0.6"
"1986-06-06","-1"
"1986-06-07","-1.2"
"1986-06-08","0.6"
"1986-06-09","-0.4"
"1986-06-10","-0.0999999999999996"
"1986-06-11","0.199999999999999"
"1986-06-12","-0.0999999999999996"
"1986-06-13","-2.6"
"1986-06-14","0"
"1986-06-15","-0.2"
"1986-06-16","0.100000000000001"
"1986-06-17","1.1"
"1986-06-18","-0.4"
"1986-06-19","1"
"1986-06-20","-2.9"
"1986-06-21","-0.2"
"1986-06-22","0.2"
"1986-06-23","0"
"1986-06-24","0.899999999999999"
"1986-06-25","-0.6"
"1986-06-26","0.9"
"1986-06-27","0.8"
"1986-06-28","0.3"
"1986-06-29","-4.1"
"1986-06-30","-3.1"
"1986-07-01","2"
"1986-07-02","5.2"
"1986-07-03","1.8"
"1986-07-04","1.6"
"1986-07-05","-2.8"
"1986-07-06","-3.4"
"1986-07-07","1.4"
"1986-07-08","-0.899999999999999"
"1986-07-09","-1.1"
"1986-07-10","1.2"
"1986-07-11","1.2"
"1986-07-12","-2.2"
"1986-07-13","-0.399999999999999"
"1986-07-14","0"
"1986-07-15","3.5"
"1986-07-16","2.7"
"1986-07-17","-5.6"
"1986-07-18","2.6"
"1986-07-19","1.6"
"1986-07-20","0.5"
"1986-07-21","-0.899999999999999"
"1986-07-22","-2"
"1986-07-23","2.6"
"1986-07-24","1.6"
"1986-07-25","-8.5"
"1986-07-26","-0.4"
"1986-07-27","3.3"
"1986-07-28","0.8"
"1986-07-29","1.6"
"1986-07-30","-0.399999999999999"
"1986-07-31","1.9"
"1986-08-01","0"
"1986-08-02","0.199999999999999"
"1986-08-03","-1"
"1986-08-04","1.5"
"1986-08-05","-2.3"
"1986-08-06","1.6"
"1986-08-07","-0.200000000000001"
"1986-08-08","-5.6"
"1986-08-09","0.1"
"1986-08-10","-1.1"
"1986-08-11","-0.8"
"1986-08-12","1"
"1986-08-13","0.2"
"1986-08-14","2.4"
"1986-08-15","2.4"
"1986-08-16","1.4"
"1986-08-17","0.300000000000001"
"1986-08-18","-2.1"
"1986-08-19","1.1"
"1986-08-20","0.799999999999999"
"1986-08-21","-2.6"
"1986-08-22","3.1"
"1986-08-23","2.7"
"1986-08-24","-2.2"
"1986-08-25","-4.3"
"1986-08-26","1.2"
"1986-08-27","0.4"
"1986-08-28","2.2"
"1986-08-29","2.5"
"1986-08-30","-6.6"
"1986-08-31","-0.199999999999999"
"1986-09-01","2.9"
"1986-09-02","2.3"
"1986-09-03","-1.5"
"1986-09-04","2.2"
"1986-09-05","-0.4"
"1986-09-06","-2"
"1986-09-07","-2.6"
"1986-09-08","2.7"
"1986-09-09","-2.9"
"1986-09-10","3"
"1986-09-11","0.5"
"1986-09-12","-3.6"
"1986-09-13","4"
"1986-09-14","1"
"1986-09-15","-4.8"
"1986-09-16","2.1"
"1986-09-17","3"
"1986-09-18","0"
"1986-09-19","-4.6"
"1986-09-20","-0.100000000000001"
"1986-09-21","4.8"
"1986-09-22","-4.5"
"1986-09-23","3.7"
"1986-09-24","-2"
"1986-09-25","2.7"
"1986-09-26","1.2"
"1986-09-27","-2.6"
"1986-09-28","-3"
"1986-09-29","-1.4"
"1986-09-30","2.3"
"1986-10-01","3.2"
"1986-10-02","5.2"
"1986-10-03","-6.3"
"1986-10-04","-1.2"
"1986-10-05","1.8"
"1986-10-06","1.7"
"1986-10-07","-1.6"
"1986-10-08","-2.3"
"1986-10-09","-2.8"
"1986-10-10","3.5"
"1986-10-11","-2.6"
"1986-10-12","0.8"
"1986-10-13","5.7"
"1986-10-14","-0.9"
"1986-10-15","-4.7"
"1986-10-16","2.4"
"1986-10-17","-1.3"
"1986-10-18","6.3"
"1986-10-19","-5.2"
"1986-10-20","-1.6"
"1986-10-21","-1.1"
"1986-10-22","5.8"
"1986-10-23","-7.4"
"1986-10-24","2.3"
"1986-10-25","1.2"
"1986-10-26","-1.1"
"1986-10-27","1.4"
"1986-10-28","-1.8"
"1986-10-29","3.5"
"1986-10-30","2.4"
"1986-10-31","0.800000000000001"
"1986-11-01","-3.1"
"1986-11-02","-0.4"
"1986-11-03","-1.3"
"1986-11-04","6.9"
"1986-11-05","5"
"1986-11-06","-4.8"
"1986-11-07","-7.6"
"1986-11-08","0.6"
"1986-11-09","3.3"
"1986-11-10","-2.8"
"1986-11-11","2.8"
"1986-11-12","-2.2"
"1986-11-13","1.7"
"1986-11-14","-1"
"1986-11-15","3.8"
"1986-11-16","0.199999999999999"
"1986-11-17","0.300000000000001"
"1986-11-18","-5"
"1986-11-19","0.399999999999999"
"1986-11-20","-0.199999999999999"
"1986-11-21","-1.6"
"1986-11-22","-0.800000000000001"
"1986-11-23","3.4"
"1986-11-24","1.3"
"1986-11-25","-3.7"
"1986-11-26","5.5"
"1986-11-27","-3"
"1986-11-28","-0.4"
"1986-11-29","1.4"
"1986-11-30","-5.1"
"1986-12-01","3.5"
"1986-12-02","3.5"
"1986-12-03","4"
"1986-12-04","-3.1"
"1986-12-05","-2.3"
"1986-12-06","3.2"
"1986-12-07","3.9"
"1986-12-08","-8.7"
"1986-12-09","0.9"
"1986-12-10","-1.5"
"1986-12-11","1.8"
"1986-12-12","-0.5"
"1986-12-13","0.200000000000001"
"1986-12-14","-2.6"
"1986-12-15","-1.3"
"1986-12-16","6.2"
"1986-12-17","-2.7"
"1986-12-18","-1.7"
"1986-12-19","0.699999999999999"
"1986-12-20","-0.800000000000001"
"1986-12-21","2.4"
"1986-12-22","-1"
"1986-12-23","-1.9"
"1986-12-24","3.7"
"1986-12-25","-2.9"
"1986-12-26","4.2"
"1986-12-27","-0.0999999999999996"
"1986-12-28","-0.4"
"1986-12-29","-1"
"1986-12-30","-1.5"
"1986-12-31","5.5"
"1987-01-01","-4.9"
"1987-01-02","1.5"
"1987-01-03","1.5"
"1987-01-04","0.299999999999999"
"1987-01-05","0.6"
"1987-01-06","0.100000000000001"
"1987-01-07","0.5"
"1987-01-08","-5.8"
"1987-01-09","-2.5"
"1987-01-10","4.7"
"1987-01-11","-0.199999999999999"
"1987-01-12","-0.6"
"1987-01-13","0.6"
"1987-01-14","3.6"
"1987-01-15","-4.6"
"1987-01-16","0.4"
"1987-01-17","2.6"
"1987-01-18","-3.2"
"1987-01-19","-0.200000000000001"
"1987-01-20","0.6"
"1987-01-21","1.5"
"1987-01-22","-2.5"
"1987-01-23","1.2"
"1987-01-24","-0.9"
"1987-01-25","2.3"
"1987-01-26","1.9"
"1987-01-27","-2.8"
"1987-01-28","-1.4"
"1987-01-29","-0.5"
"1987-01-30","1.7"
"1987-01-31","2.2"
"1987-02-01","1.6"
"1987-02-02","-3.7"
"1987-02-03","-0.100000000000001"
"1987-02-04","0"
"1987-02-05","-1.1"
"1987-02-06","1.7"
"1987-02-07","1.9"
"1987-02-08","1.2"
"1987-02-09","-4.5"
"1987-02-10","3.2"
"1987-02-11","-4.5"
"1987-02-12","3"
"1987-02-13","-1.5"
"1987-02-14","3.9"
"1987-02-15","0.800000000000001"
"1987-02-16","-0.199999999999999"
"1987-02-17","-1"
"1987-02-18","-0.4"
"1987-02-19","2.5"
"1987-02-20","3.3"
"1987-02-21","-7.6"
"1987-02-22","-2.9"
"1987-02-23","-1"
"1987-02-24","2.5"
"1987-02-25","-1.6"
"1987-02-26","1.1"
"1987-02-27","1.7"
"1987-02-28","1.8"
"1987-03-01","-0.9"
"1987-03-02","-1.7"
"1987-03-03","1"
"1987-03-04","-0.9"
"1987-03-05","1.8"
"1987-03-06","3.3"
"1987-03-07","-7.2"
"1987-03-08","-0.5"
"1987-03-09","0.299999999999999"
"1987-03-10","1.1"
"1987-03-11","-1.8"
"1987-03-12","2.3"
"1987-03-13","-0.300000000000001"
"1987-03-14","-1"
"1987-03-15","0.300000000000001"
"1987-03-16","2.2"
"1987-03-17","5.5"
"1987-03-18","0.199999999999999"
"1987-03-19","-3.7"
"1987-03-20","-2"
"1987-03-21","-1.7"
"1987-03-22","1.7"
"1987-03-23","0.300000000000001"
"1987-03-24","-2.3"
"1987-03-25","-0.699999999999999"
"1987-03-26","2.7"
"1987-03-27","-0.699999999999999"
"1987-03-28","3.3"
"1987-03-29","-5.4"
"1987-03-30","0.600000000000001"
"1987-03-31","1.2"
"1987-04-01","1.3"
"1987-04-02","-1.6"
"1987-04-03","0.800000000000001"
"1987-04-04","1.2"
"1987-04-05","1.2"
"1987-04-06","5.3"
"1987-04-07","-3.9"
"1987-04-08","-2.4"
"1987-04-09","-3.8"
"1987-04-10","-2.8"
"1987-04-11","6.7"
"1987-04-12","3.7"
"1987-04-13","-1.4"
"1987-04-14","-5.7"
"1987-04-15","-0.9"
"1987-04-16","-1.9"
"1987-04-17","2.6"
"1987-04-18","0"
"1987-04-19","3.7"
"1987-04-20","-7"
"1987-04-21","1"
"1987-04-22","-0.3"
"1987-04-23","2.8"
"1987-04-24","-1.5"
"1987-04-25","-0.0999999999999996"
"1987-04-26","2.9"
"1987-04-27","5.2"
"1987-04-28","-0.300000000000001"
"1987-04-29","-3.3"
"1987-04-30","-1.9"
"1987-05-01","-4.6"
"1987-05-02","2.7"
"1987-05-03","0.200000000000001"
"1987-05-04","1.3"
"1987-05-05","0.100000000000001"
"1987-05-06","0.5"
"1987-05-07","-1.9"
"1987-05-08","-2.8"
"1987-05-09","2.5"
"1987-05-10","0.200000000000001"
"1987-05-11","0.799999999999999"
"1987-05-12","2.2"
"1987-05-13","3.7"
"1987-05-14","-4.8"
"1987-05-15","0.600000000000001"
"1987-05-16","-0.100000000000001"
"1987-05-17","-0.399999999999999"
"1987-05-18","-1.1"
"1987-05-19","-0.5"
"1987-05-20","-0.199999999999999"
"1987-05-21","-1.7"
"1987-05-22","-1.7"
"1987-05-23","2.9"
"1987-05-24","2.8"
"1987-05-25","-4.7"
"1987-05-26","1.7"
"1987-05-27","-4.3"
"1987-05-28","-0.7"
"1987-05-29","2.1"
"1987-05-30","4.4"
"1987-05-31","-3"
"1987-06-01","0.7"
"1987-06-02","1.2"
"1987-06-03","0.300000000000001"
"1987-06-04","1"
"1987-06-05","-0.800000000000001"
"1987-06-06","-3.6"
"1987-06-07","-0.5"
"1987-06-08","-0.199999999999999"
"1987-06-09","3"
"1987-06-10","4.1"
"1987-06-11","-0.4"
"1987-06-12","-7.2"
"1987-06-13","0.6"
"1987-06-14","1.8"
"1987-06-15","1.2"
"1987-06-16","-4.8"
"1987-06-17","-1.2"
"1987-06-18","1.5"
"1987-06-19","1.7"
"1987-06-20","5.7"
"1987-06-21","-0.0999999999999996"
"1987-06-22","-2.4"
"1987-06-23","0.199999999999999"
"1987-06-24","-0.199999999999999"
"1987-06-25","-2.4"
"1987-06-26","1.9"
"1987-06-27","0.4"
"1987-06-28","-2.5"
"1987-06-29","0.7"
"1987-06-30","0.5"
"1987-07-01","0.300000000000001"
"1987-07-02","-5.6"
"1987-07-03","1.2"
"1987-07-04","0.2"
"1987-07-05","0.9"
"1987-07-06","0.8"
"1987-07-07","-1.4"
"1987-07-08","-0.300000000000001"
"1987-07-09","1.7"
"1987-07-10","3.3"
"1987-07-11","-1.2"
"1987-07-12","-2.9"
"1987-07-13","-2.2"
"1987-07-14","1.9"
"1987-07-15","4.2"
"1987-07-16","-3.5"
"1987-07-17","1.7"
"1987-07-18","1.9"
"1987-07-19","0.4"
"1987-07-20","-3.1"
"1987-07-21","0.7"
"1987-07-22","-0.6"
"1987-07-23","0.3"
"1987-07-24","-5.2"
"1987-07-25","1.4"
"1987-07-26","1.9"
"1987-07-27","1.5"
"1987-07-28","-0.6"
"1987-07-29","1.3"
"1987-07-30","1.8"
"1987-07-31","-0.100000000000001"
"1987-08-01","0.300000000000001"
"1987-08-02","0.6"
"1987-08-03","-1.6"
"1987-08-04","0.4"
"1987-08-05","-0.300000000000001"
"1987-08-06","0.9"
"1987-08-07","-3.7"
"1987-08-08","3.6"
"1987-08-09","-0.200000000000001"
"1987-08-10","-3.8"
"1987-08-11","2.1"
"1987-08-12","0.5"
"1987-08-13","-0.5"
"1987-08-14","2.1"
"1987-08-15","2.7"
"1987-08-16","-1.9"
"1987-08-17","-4.3"
"1987-08-18","-1.4"
"1987-08-19","0.0999999999999996"
"1987-08-20","3.7"
"1987-08-21","-2.9"
"1987-08-22","4.3"
"1987-08-23","-0.300000000000001"
"1987-08-24","0.6"
"1987-08-25","0.9"
"1987-08-26","-2"
"1987-08-27","1.5"
"1987-08-28","0.9"
"1987-08-29","-1.3"
"1987-08-30","-4.7"
"1987-08-31","1.1"
"1987-09-01","-0.699999999999999"
"1987-09-02","0.399999999999999"
"1987-09-03","1.5"
"1987-09-04","-1"
"1987-09-05","-1.5"
"1987-09-06","2.8"
"1987-09-07","0.5"
"1987-09-08","1.4"
"1987-09-09","0.800000000000001"
"1987-09-10","-3.3"
"1987-09-11","2"
"1987-09-12","1.2"
"1987-09-13","-3.4"
"1987-09-14","2.5"
"1987-09-15","0.5"
"1987-09-16","0.899999999999999"
"1987-09-17","-2.9"
"1987-09-18","1.4"
"1987-09-19","5.8"
"1987-09-20","-7.2"
"1987-09-21","-2.5"
"1987-09-22","4.2"
"1987-09-23","-1.9"
"1987-09-24","6.4"
"1987-09-25","0.9"
"1987-09-26","0"
"1987-09-27","4.3"
"1987-09-28","-2.2"
"1987-09-29","-4"
"1987-09-30","-1.8"
"1987-10-01","-1.7"
"1987-10-02","0.800000000000001"
"1987-10-03","-1"
"1987-10-04","2"
"1987-10-05","-4.8"
"1987-10-06","5.5"
"1987-10-07","-3.7"
"1987-10-08","0.399999999999999"
"1987-10-09","0"
"1987-10-10","1.5"
"1987-10-11","-3.3"
"1987-10-12","-2"
"1987-10-13","5.1"
"1987-10-14","-2.4"
"1987-10-15","6.9"
"1987-10-16","-1.3"
"1987-10-17","-3.3"
"1987-10-18","0.199999999999999"
"1987-10-19","1.2"
"1987-10-20","-0.9"
"1987-10-21","0.5"
"1987-10-22","-1.7"
"1987-10-23","1.3"
"1987-10-24","0.9"
"1987-10-25","2.1"
"1987-10-26","-3.7"
"1987-10-27","3.3"
"1987-10-28","-3.4"
"1987-10-29","1.7"
"1987-10-30","-1.5"
"1987-10-31","4.5"
"1987-11-01","4.6"
"1987-11-02","4"
"1987-11-03","-7.6"
"1987-11-04","-5.8"
"1987-11-05","1.2"
"1987-11-06","1.3"
"1987-11-07","-1.1"
"1987-11-08","1.6"
"1987-11-09","2.1"
"1987-11-10","-3.6"
"1987-11-11","-1"
"1987-11-12","1.3"
"1987-11-13","1.6"
"1987-11-14","-1.1"
"1987-11-15","-2.4"
"1987-11-16","4"
"1987-11-17","1.7"
"1987-11-18","3.2"
"1987-11-19","5.7"
"1987-11-20","-10"
"1987-11-21","-3.4"
"1987-11-22","-2"
"1987-11-23","4.6"
"1987-11-24","-1.7"
"1987-11-25","-1.7"
"1987-11-26","0.9"
"1987-11-27","0.699999999999999"
"1987-11-28","-1.5"
"1987-11-29","3.9"
"1987-11-30","-0.300000000000001"
"1987-12-01","-1.7"
"1987-12-02","-0.800000000000001"
"1987-12-03","-2.9"
"1987-12-04","1.2"
"1987-12-05","3.3"
"1987-12-06","-1.1"
"1987-12-07","-0.6"
"1987-12-08","0.300000000000001"
"1987-12-09","2.1"
"1987-12-10","1.5"
"1987-12-11","0.299999999999999"
"1987-12-12","-1.3"
"1987-12-13","1.1"
"1987-12-14","1.2"
"1987-12-15","1.5"
"1987-12-16","2.8"
"1987-12-17","-5.8"
"1987-12-18","-2.2"
"1987-12-19","-1.6"
"1987-12-20","1.9"
"1987-12-21","-0.100000000000001"
"1987-12-22","-1.5"
"1987-12-23","0.200000000000001"
"1987-12-24","-0.200000000000001"
"1987-12-25","0.9"
"1987-12-26","0.6"
"1987-12-27","3.5"
"1987-12-28","-2"
"1987-12-29","0.100000000000001"
"1987-12-30","-1"
"1987-12-31","3.4"
"1988-01-01","-1.4"
"1988-01-02","-1"
"1988-01-03","-0.800000000000001"
"1988-01-04","1.5"
"1988-01-05","-1.4"
"1988-01-06","1.6"
"1988-01-07","1.8"
"1988-01-08","1.7"
"1988-01-09","-2.2"
"1988-01-10","0.899999999999999"
"1988-01-11","0.900000000000002"
"1988-01-12","0"
"1988-01-13","4.1"
"1988-01-14","-1"
"1988-01-15","-0.5"
"1988-01-16","-3.3"
"1988-01-17","-2.1"
"1988-01-18","1.1"
"1988-01-19","-0.400000000000002"
"1988-01-20","-0.6"
"1988-01-21","-1.1"
"1988-01-22","-0.5"
"1988-01-23","1.6"
"1988-01-24","-3.3"
"1988-01-25","-0.700000000000001"
"1988-01-26","1"
"1988-01-27","2.3"
"1988-01-28","2.4"
"1988-01-29","4.1"
"1988-01-30","2"
"1988-01-31","-9"
"1988-02-01","-0.300000000000001"
"1988-02-02","0.9"
"1988-02-03","-0.5"
"1988-02-04","0.6"
"1988-02-05","-1.2"
"1988-02-06","-0.5"
"1988-02-07","-4.2"
"1988-02-08","3.3"
"1988-02-09","2.6"
"1988-02-10","-3"
"1988-02-11","2.4"
"1988-02-12","1.8"
"1988-02-13","0.199999999999999"
"1988-02-14","-1.6"
"1988-02-15","-1.7"
"1988-02-16","-1.4"
"1988-02-17","1.8"
"1988-02-18","2.6"
"1988-02-19","-2.1"
"1988-02-20","-0.6"
"1988-02-21","1.5"
"1988-02-22","-0.199999999999999"
"1988-02-23","1.4"
"1988-02-24","0"
"1988-02-25","-2.9"
"1988-02-26","2"
"1988-02-27","3.1"
"1988-02-28","-2.2"
"1988-02-29","0.100000000000001"
"1988-03-01","-3.9"
"1988-03-02","3.2"
"1988-03-03","-0.699999999999999"
"1988-03-04","-0.0999999999999996"
"1988-03-05","-2.1"
"1988-03-06","1.5"
"1988-03-07","2.6"
"1988-03-08","-0.100000000000001"
"1988-03-09","-0.5"
"1988-03-10","-1.7"
"1988-03-11","-4.5"
"1988-03-12","2.6"
"1988-03-13","-0.699999999999999"
"1988-03-14","-0.0999999999999996"
"1988-03-15","1.6"
"1988-03-16","1.1"
"1988-03-17","1.2"
"1988-03-18","-0.399999999999999"
"1988-03-19","-1.4"
"1988-03-20","-0.200000000000001"
"1988-03-21","1.4"
"1988-03-22","0.5"
"1988-03-23","-1.2"
"1988-03-24","-0.5"
"1988-03-25","2.3"
"1988-03-26","0.5"
"1988-03-27","-1.2"
"1988-03-28","0.899999999999999"
"1988-03-29","1.1"
"1988-03-30","0.699999999999999"
"1988-03-31","-2.1"
"1988-04-01","0.399999999999999"
"1988-04-02","-1.9"
"1988-04-03","1.8"
"1988-04-04","-2.8"
"1988-04-05","2.3"
"1988-04-06","-4"
"1988-04-07","2.8"
"1988-04-08","-5.3"
"1988-04-09","-2.8"
"1988-04-10","1.3"
"1988-04-11","3.1"
"1988-04-12","4.7"
"1988-04-13","-0.5"
"1988-04-14","0.700000000000001"
"1988-04-15","-5.3"
"1988-04-16","-2.3"
"1988-04-17","0.299999999999999"
"1988-04-18","4.1"
"1988-04-19","-2.2"
"1988-04-20","1.5"
"1988-04-21","-0.9"
"1988-04-22","1.9"
"1988-04-23","-0.6"
"1988-04-24","0.9"
"1988-04-25","2.6"
"1988-04-26","-3.9"
"1988-04-27","1.7"
"1988-04-28","3.9"
"1988-04-29","-3.3"
"1988-04-30","-0.600000000000001"
"1988-05-01","1.5"
"1988-05-02","-0.699999999999999"
"1988-05-03","0.4"
"1988-05-04","0.6"
"1988-05-05","0.899999999999999"
"1988-05-06","-1.9"
"1988-05-07","-1.9"
"1988-05-08","1"
"1988-05-09","-2.4"
"1988-05-10","-0.199999999999999"
"1988-05-11","1"
"1988-05-12","-5.2"
"1988-05-13","3.8"
"1988-05-14","2.5"
"1988-05-15","0.4"
"1988-05-16","-1.8"
"1988-05-17","1.5"
"1988-05-18","-1.2"
"1988-05-19","-1.6"
"1988-05-20","-0.4"
"1988-05-21","-1.8"
"1988-05-22","1.2"
"1988-05-23","0.9"
"1988-05-24","-2.2"
"1988-05-25","0.6"
"1988-05-26","3.9"
"1988-05-27","-1.7"
"1988-05-28","-2.2"
"1988-05-29","0.600000000000001"
"1988-05-30","-3"
"1988-05-31","1.5"
"1988-06-01","2.2"
"1988-06-02","1"
"1988-06-03","0.0999999999999996"
"1988-06-04","1.5"
"1988-06-05","-2.4"
"1988-06-06","0.9"
"1988-06-07","-2.4"
"1988-06-08","0.800000000000001"
"1988-06-09","0.199999999999999"
"1988-06-10","-1.5"
"1988-06-11","-3.2"
"1988-06-12","1.5"
"1988-06-13","5.6"
"1988-06-14","-3.2"
"1988-06-15","-2.8"
"1988-06-16","-3.3"
"1988-06-17","0.9"
"1988-06-18","3.1"
"1988-06-19","-0.2"
"1988-06-20","0.4"
"1988-06-21","0.3"
"1988-06-22","0.600000000000001"
"1988-06-23","2.7"
"1988-06-24","-2.5"
"1988-06-25","-1.4"
"1988-06-26","1.3"
"1988-06-27","2"
"1988-06-28","-3.3"
"1988-06-29","2.7"
"1988-06-30","-0.0999999999999996"
"1988-07-01","-3.3"
"1988-07-02","-0.2"
"1988-07-03","-0.899999999999999"
"1988-07-04","0.0999999999999996"
"1988-07-05","3.4"
"1988-07-06","3.9"
"1988-07-07","0.699999999999999"
"1988-07-08","-1.6"
"1988-07-09","-4.6"
"1988-07-10","0.8"
"1988-07-11","4.8"
"1988-07-12","-5.3"
"1988-07-13","0.4"
"1988-07-14","2.5"
"1988-07-15","-4.7"
"1988-07-16","1"
"1988-07-17","1.7"
"1988-07-18","0.300000000000001"
"1988-07-19","1"
"1988-07-20","0.199999999999999"
"1988-07-21","-3.9"
"1988-07-22","1.4"
"1988-07-23","1.5"
"1988-07-24","0"
"1988-07-25","-0.300000000000001"
"1988-07-26","0.300000000000001"
"1988-07-27","1.1"
"1988-07-28","0.0999999999999996"
"1988-07-29","-2.6"
"1988-07-30","1.3"
"1988-07-31","0.799999999999999"
"1988-08-01","0.600000000000001"
"1988-08-02","-1.7"
"1988-08-03","1.3"
"1988-08-04","0.6"
"1988-08-05","-4.9"
"1988-08-06","1.6"
"1988-08-07","0.2"
"1988-08-08","-0.100000000000001"
"1988-08-09","1.8"
"1988-08-10","0.5"
"1988-08-11","-5.2"
"1988-08-12","0.9"
"1988-08-13","3.6"
"1988-08-14","3.2"
"1988-08-15","0.5"
"1988-08-16","0.300000000000001"
"1988-08-17","-2.4"
"1988-08-18","0.0999999999999996"
"1988-08-19","-0.4"
"1988-08-20","2"
"1988-08-21","-3.8"
"1988-08-22","0.699999999999999"
"1988-08-23","-0.899999999999999"
"1988-08-24","-1.9"
"1988-08-25","2.9"
"1988-08-26","1.9"
"1988-08-27","-3.9"
"1988-08-28","2.1"
"1988-08-29","0.899999999999999"
"1988-08-30","-0.699999999999999"
"1988-08-31","2.8"
"1988-09-01","3.4"
"1988-09-02","-5.2"
"1988-09-03","0.5"
"1988-09-04","-5"
"1988-09-05","3.9"
"1988-09-06","-0.6"
"1988-09-07","-3.5"
"1988-09-08","7.7"
"1988-09-09","2.2"
"1988-09-10","-2"
"1988-09-11","-1.7"
"1988-09-12","-4.7"
"1988-09-13","-2.1"
"1988-09-14","0.5"
"1988-09-15","1.6"
"1988-09-16","3.9"
"1988-09-17","-0.6"
"1988-09-18","-0.0999999999999996"
"1988-09-19","-0.199999999999999"
"1988-09-20","-4.3"
"1988-09-21","8"
"1988-09-22","3.1"
"1988-09-23","-8.2"
"1988-09-24","-0.200000000000001"
"1988-09-25","2.9"
"1988-09-26","-0.299999999999999"
"1988-09-27","-2"
"1988-09-28","2"
"1988-09-29","-2.1"
"1988-09-30","3.7"
"1988-10-01","-3.4"
"1988-10-02","4.5"
"1988-10-03","1.2"
"1988-10-04","-3.8"
"1988-10-05","-2.4"
"1988-10-06","-2.5"
"1988-10-07","6.7"
"1988-10-08","-1.6"
"1988-10-09","-2.4"
"1988-10-10","3.6"
"1988-10-11","1"
"1988-10-12","-7.7"
"1988-10-13","8.1"
"1988-10-14","-5.2"
"1988-10-15","2.7"
"1988-10-16","-2.5"
"1988-10-17","3"
"1988-10-18","0.800000000000001"
"1988-10-19","-4.3"
"1988-10-20","7.4"
"1988-10-21","-5.3"
"1988-10-22","1.1"
"1988-10-23","-1.7"
"1988-10-24","-3.4"
"1988-10-25","8"
"1988-10-26","-3"
"1988-10-27","-4"
"1988-10-28","5.5"
"1988-10-29","-0.9"
"1988-10-30","2.4"
"1988-10-31","-2.7"
"1988-11-01","1.6"
"1988-11-02","2.3"
"1988-11-03","-1.4"
"1988-11-04","-4.6"
"1988-11-05","-2.3"
"1988-11-06","4.6"
"1988-11-07","5"
"1988-11-08","-4.3"
"1988-11-09","-3.1"
"1988-11-10","2.5"
"1988-11-11","-1.6"
"1988-11-12","6.6"
"1988-11-13","0.600000000000001"
"1988-11-14","-10"
"1988-11-15","1.1"
"1988-11-16","2.5"
"1988-11-17","0.4"
"1988-11-18","-0.800000000000001"
"1988-11-19","5"
"1988-11-20","-2.9"
"1988-11-21","0.199999999999999"
"1988-11-22","-0.0999999999999996"
"1988-11-23","1.4"
"1988-11-24","-0.600000000000001"
"1988-11-25","-1.6"
"1988-11-26","-0.199999999999999"
"1988-11-27","-0.0999999999999996"
"1988-11-28","-0.4"
"1988-11-29","-1.1"
"1988-11-30","1.4"
"1988-12-01","0.300000000000001"
"1988-12-02","5.4"
"1988-12-03","-0.599999999999998"
"1988-12-04","-0.600000000000001"
"1988-12-05","-3.2"
"1988-12-06","-0.5"
"1988-12-07","-0.0999999999999996"
"1988-12-08","3.7"
"1988-12-09","4.1"
"1988-12-10","-5.9"
"1988-12-11","-3.3"
"1988-12-12","3.4"
"1988-12-13","1.3"
"1988-12-14","4"
"1988-12-15","1"
"1988-12-16","3.2"
"1988-12-17","-7.3"
"1988-12-18","0.899999999999999"
"1988-12-19","-2.6"
"1988-12-20","-1.3"
"1988-12-21","-1.7"
"1988-12-22","3.3"
"1988-12-23","2.1"
"1988-12-24","2.5"
"1988-12-25","-4"
"1988-12-26","-6.3"
"1988-12-27","3.4"
"1988-12-28","0"
"1988-12-29","1.9"
"1988-12-30","-0.700000000000001"
"1989-01-01","0.200000000000001"
"1989-01-02","3.1"
"1989-01-03","1.1"
"1989-01-04","-1.7"
"1989-01-05","-5.3"
"1989-01-06","-2"
"1989-01-07","2.7"
"1989-01-08","3.5"
"1989-01-09","0.600000000000001"
"1989-01-10","-2.7"
"1989-01-11","-1"
"1989-01-12","1.2"
"1989-01-13","-1.7"
"1989-01-14","1.3"
"1989-01-15","3.9"
"1989-01-16","2.1"
"1989-01-17","-2.8"
"1989-01-18","-2.7"
"1989-01-19","-0.800000000000001"
"1989-01-20","2.9"
"1989-01-21","-1.5"
"1989-01-22","0.5"
"1989-01-23","-2.4"
"1989-01-24","-0.0999999999999996"
"1989-01-25","2.7"
"1989-01-26","1"
"1989-01-27","0.300000000000001"
"1989-01-28","3.6"
"1989-01-29","0.5"
"1989-01-30","-3.7"
"1989-01-31","-0.399999999999999"
"1989-02-01","-0.399999999999999"
"1989-02-02","-1.7"
"1989-02-03","1.9"
"1989-02-04","-0.600000000000001"
"1989-02-05","-1.5"
"1989-02-06","-1"
"1989-02-07","3.6"
"1989-02-08","1.7"
"1989-02-09","-1.8"
"1989-02-10","-1.4"
"1989-02-11","0.6"
"1989-02-12","-0.700000000000001"
"1989-02-13","2.3"
"1989-02-14","0.800000000000001"
"1989-02-15","1.1"
"1989-02-16","0"
"1989-02-17","0.100000000000001"
"1989-02-18","1"
"1989-02-19","-4.8"
"1989-02-20","-0.699999999999999"
"1989-02-21","1.1"
"1989-02-22","-1.8"
"1989-02-23","-1.3"
"1989-02-24","3.2"
"1989-02-25","1.5"
"1989-02-26","-4.5"
"1989-02-27","2.6"
"1989-02-28","2.7"
"1989-03-01","1.9"
"1989-03-02","1.6"
"1989-03-03","-2.3"
"1989-03-04","-0.0999999999999979"
"1989-03-05","0.699999999999999"
"1989-03-06","-2"
"1989-03-07","0.599999999999998"
"1989-03-08","1.4"
"1989-03-09","1.1"
"1989-03-10","-3.1"
"1989-03-11","-0.5"
"1989-03-12","-0.100000000000001"
"1989-03-13","-4.9"
"1989-03-14","2.3"
"1989-03-15","-0.0999999999999996"
"1989-03-16","-0.199999999999999"
"1989-03-17","-2.8"
"1989-03-18","0.5"
"1989-03-19","2.5"
"1989-03-20","2.1"
"1989-03-21","0.199999999999999"
"1989-03-22","-0.400000000000002"
"1989-03-23","-0.399999999999999"
"1989-03-24","-2.9"
"1989-03-25","-0.4"
"1989-03-26","-3.8"
"1989-03-27","0.0999999999999996"
"1989-03-28","2.3"
"1989-03-29","-1.4"
"1989-03-30","-0.700000000000001"
"1989-03-31","2.9"
"1989-04-01","0.700000000000001"
"1989-04-02","1.8"
"1989-04-03","-0.9"
"1989-04-04","0"
"1989-04-05","5"
"1989-04-06","-6.6"
"1989-04-07","1.6"
"1989-04-08","-2.3"
"1989-04-09","2"
"1989-04-10","-0.4"
"1989-04-11","1.8"
"1989-04-12","-1.4"
"1989-04-13","0.0999999999999996"
"1989-04-14","-1.1"
"1989-04-15","-4.4"
"1989-04-16","2.9"
"1989-04-17","-0.5"
"1989-04-18","1.1"
"1989-04-19","-3.4"
"1989-04-20","0.4"
"1989-04-21","0.6"
"1989-04-22","0.6"
"1989-04-23","-0.399999999999999"
"1989-04-24","-1.5"
"1989-04-25","2.7"
"1989-04-26","0.9"
"1989-04-27","2.1"
"1989-04-28","1.8"
"1989-04-29","-1.3"
"1989-04-30","-1.3"
"1989-05-01","1"
"1989-05-02","0.4"
"1989-05-03","-2.8"
"1989-05-04","2.6"
"1989-05-05","-4"
"1989-05-06","-0.0999999999999996"
"1989-05-07","0.5"
"1989-05-08","-0.300000000000001"
"1989-05-09","-1"
"1989-05-10","3"
"1989-05-11","1.2"
"1989-05-12","-1"
"1989-05-13","-0.799999999999999"
"1989-05-14","-0.5"
"1989-05-15","-1.7"
"1989-05-16","-1.4"
"1989-05-17","-0.200000000000001"
"1989-05-18","3.6"
"1989-05-19","-0.0999999999999996"
"1989-05-20","-4.2"
"1989-05-21","-2.2"
"1989-05-22","5.8"
"1989-05-23","-1.5"
"1989-05-24","-0.300000000000001"
"1989-05-25","1.5"
"1989-05-26","-1.7"
"1989-05-27","1.2"
"1989-05-28","0.100000000000001"
"1989-05-29","1.8"
"1989-05-30","1.1"
"1989-05-31","-6.6"
"1989-06-01","-4.3"
"1989-06-02","-0.9"
"1989-06-03","0.7"
"1989-06-04","4.5"
"1989-06-05","2.3"
"1989-06-06","-1.1"
"1989-06-07","1.2"
"1989-06-08","1.3"
"1989-06-09","-2.4"
"1989-06-10","-0.7"
"1989-06-11","1.4"
"1989-06-12","0.200000000000001"
"1989-06-13","-2.6"
"1989-06-14","3.3"
"1989-06-15","0.699999999999999"
"1989-06-16","-0.5"
"1989-06-17","1.5"
"1989-06-18","-1"
"1989-06-19","-0.0999999999999996"
"1989-06-20","-2"
"1989-06-21","-1.5"
"1989-06-22","-1.6"
"1989-06-23","-0.3"
"1989-06-24","0.6"
"1989-06-25","-0.8"
"1989-06-26","-2.2"
"1989-06-27","-0.9"
"1989-06-28","-0.9"
"1989-06-29","1.9"
"1989-06-30","5.6"
"1989-07-01","-2"
"1989-07-02","1.1"
"1989-07-03","2.6"
"1989-07-04","-2.8"
"1989-07-05","-1.6"
"1989-07-06","1.7"
"1989-07-07","-0.8"
"1989-07-08","0.8"
"1989-07-09","2.7"
"1989-07-10","-1.7"
"1989-07-11","0.5"
"1989-07-12","-1.4"
"1989-07-13","0.4"
"1989-07-14","-4.2"
"1989-07-15","-1.5"
"1989-07-16","0.8"
"1989-07-17","2.7"
"1989-07-18","0.5"
"1989-07-19","0"
"1989-07-20","1.4"
"1989-07-21","-1.9"
"1989-07-22","-3.7"
"1989-07-23","1.5"
"1989-07-24","2.2"
"1989-07-25","2.4"
"1989-07-26","-3.5"
"1989-07-27","1.3"
"1989-07-28","3.5"
"1989-07-29","2.2"
"1989-07-30","-3.2"
"1989-07-31","-0.4"
"1989-08-01","-3.9"
"1989-08-02","3.8"
"1989-08-03","0.6"
"1989-08-04","0.300000000000001"
"1989-08-05","-1.3"
"1989-08-06","0.5"
"1989-08-07","0"
"1989-08-08","-2"
"1989-08-09","1.4"
"1989-08-10","3.5"
"1989-08-11","-3.2"
"1989-08-12","0.5"
"1989-08-13","-2"
"1989-08-14","-2"
"1989-08-15","2"
"1989-08-16","0.9"
"1989-08-17","-0.100000000000001"
"1989-08-18","0"
"1989-08-19","2.4"
"1989-08-20","-0.9"
"1989-08-21","-3"
"1989-08-22","3.5"
"1989-08-23","-1.6"
"1989-08-24","-1.5"
"1989-08-25","1.9"
"1989-08-26","-1.2"
"1989-08-27","-2"
"1989-08-28","2.1"
"1989-08-29","0.7"
"1989-08-30","-3"
"1989-08-31","4"
"1989-09-01","0.800000000000001"
"1989-09-02","0"
"1989-09-03","-2.7"
"1989-09-04","2.5"
"1989-09-05","0.300000000000001"
"1989-09-06","-1.1"
"1989-09-07","-2.8"
"1989-09-08","2"
"1989-09-09","6.3"
"1989-09-10","-5.4"
"1989-09-11","-0.4"
"1989-09-12","0.800000000000001"
"1989-09-13","-1.1"
"1989-09-14","-0.7"
"1989-09-15","2.4"
"1989-09-16","-1.5"
"1989-09-17","2.5"
"1989-09-18","-0.6"
"1989-09-19","1.3"
"1989-09-20","-2"
"1989-09-21","-1.4"
"1989-09-22","5.4"
"1989-09-23","-4.8"
"1989-09-24","-1.5"
"1989-09-25","2.9"
"1989-09-26","-3.4"
"1989-09-27","3.2"
"1989-09-28","-4"
"1989-09-29","6.9"
"1989-09-30","1.5"
"1989-10-01","-2.9"
"1989-10-02","-4.3"
"1989-10-03","-1.1"
"1989-10-04","4.4"
"1989-10-05","2.2"
"1989-10-06","-2.5"
"1989-10-07","-1.9"
"1989-10-08","2.4"
"1989-10-09","-0.299999999999999"
"1989-10-10","0.6"
"1989-10-11","0.9"
"1989-10-12","0.0999999999999996"
"1989-10-13","-0.0999999999999996"
"1989-10-14","-2.9"
"1989-10-15","3.2"
"1989-10-16","-3.7"
"1989-10-17","-0.3"
"1989-10-18","6"
"1989-10-19","-0.299999999999999"
"1989-10-20","-3.5"
"1989-10-21","0.799999999999999"
"1989-10-22","-0.699999999999999"
"1989-10-23","2.9"
"1989-10-24","-2.2"
"1989-10-25","3.2"
"1989-10-26","-1.8"
"1989-10-27","-3.6"
"1989-10-28","1"
"1989-10-29","0.300000000000001"
"1989-10-30","4.2"
"1989-10-31","-5.5"
"1989-11-01","0.0999999999999996"
"1989-11-02","1.9"
"1989-11-03","-1.5"
"1989-11-04","4"
"1989-11-05","2.5"
"1989-11-06","-1.7"
"1989-11-07","-2.3"
"1989-11-08","0.9"
"1989-11-09","-3.6"
"1989-11-10","1.4"
"1989-11-11","1.6"
"1989-11-12","1.2"
"1989-11-13","-3.1"
"1989-11-14","2"
"1989-11-15","1.8"
"1989-11-16","0.600000000000001"
"1989-11-17","2.2"
"1989-11-18","-5.1"
"1989-11-19","1"
"1989-11-20","0.5"
"1989-11-21","0.799999999999999"
"1989-11-22","2.3"
"1989-11-23","6.1"
"1989-11-24","-6.7"
"1989-11-25","-0.5"
"1989-11-26","-1.5"
"1989-11-27","0.199999999999999"
"1989-11-28","0.9"
"1989-11-29","3.9"
"1989-11-30","-0.199999999999999"
"1989-12-01","-1.4"
"1989-12-02","2"
"1989-12-03","-4.6"
"1989-12-04","-0.399999999999999"
"1989-12-05","-2.7"
"1989-12-06","3.5"
"1989-12-07","1.9"
"1989-12-08","0.5"
"1989-12-09","-2.4"
"1989-12-10","4.6"
"1989-12-11","-2.5"
"1989-12-12","-1.4"
"1989-12-13","-2.2"
"1989-12-14","-2.2"
"1989-12-15","1.8"
"1989-12-16","0.4"
"1989-12-17","-0.5"
"1989-12-18","5.2"
"1989-12-19","-0.900000000000002"
"1989-12-20","-3.8"
"1989-12-21","-0.299999999999999"
"1989-12-22","-0.5"
"1989-12-23","0.199999999999999"
"1989-12-24","0.699999999999999"
"1989-12-25","3.7"
"1989-12-26","-0.399999999999999"
"1989-12-27","-2.7"
"1989-12-28","-1.6"
"1989-12-29","-1.3"
"1989-12-30","4"
"1989-12-31","-1.7"
"1990-01-01","2.1"
"1990-01-02","-1.5"
"1990-01-03","2.3"
"1990-01-04","-1.1"
"1990-01-05","-0.199999999999999"
"1990-01-06","1"
"1990-01-07","1.1"
"1990-01-08","-1.6"
"1990-01-09","2.6"
"1990-01-10","1.4"
"1990-01-11","3.3"
"1990-01-12","-3.1"
"1990-01-13","-3.5"
"1990-01-14","0.300000000000001"
"1990-01-15","-1.1"
"1990-01-16","-4"
"1990-01-17","0.800000000000001"
"1990-01-18","3.5"
"1990-01-19","-0.5"
"1990-01-20","0"
"1990-01-21","-1.2"
"1990-01-22","1"
"1990-01-23","0"
"1990-01-24","6.2"
"1990-01-25","-5.5"
"1990-01-26","2.1"
"1990-01-27","-0.200000000000003"
"1990-01-28","0"
"1990-01-29","-3.3"
"1990-01-30","2.8"
"1990-01-31","-0.299999999999997"
"1990-02-01","-4.1"
"1990-02-02","0.199999999999999"
"1990-02-03","2.6"
"1990-02-04","0"
"1990-02-05","-0.4"
"1990-02-06","-1.5"
"1990-02-07","0.5"
"1990-02-08","2.5"
"1990-02-09","0.200000000000001"
"1990-02-10","1.5"
"1990-02-11","-2"
"1990-02-12","-0.6"
"1990-02-13","-2"
"1990-02-14","1.1"
"1990-02-15","3.2"
"1990-02-16","-1.6"
"1990-02-17","2.9"
"1990-02-18","-5.9"
"1990-02-19","1.3"
"1990-02-20","-0.300000000000001"
"1990-02-21","2.6"
"1990-02-22","3.7"
"1990-02-23","-3"
"1990-02-24","-1.8"
"1990-02-25","1.3"
"1990-02-26","0"
"1990-02-27","0.800000000000001"
"1990-02-28","1.8"
"1990-03-01","0.199999999999999"
"1990-03-02","-2"
"1990-03-03","1.7"
"1990-03-04","0.800000000000001"
"1990-03-05","-0.5"
"1990-03-06","-2.1"
"1990-03-07","-3"
"1990-03-08","-3.9"
"1990-03-09","2.7"
"1990-03-10","2.3"
"1990-03-11","-0.300000000000001"
"1990-03-12","-2.9"
"1990-03-13","-2.9"
"1990-03-14","1.8"
"1990-03-15","4"
"1990-03-16","-3.4"
"1990-03-17","0"
"1990-03-18","3.5"
"1990-03-19","-0.0999999999999996"
"1990-03-20","-1.4"
"1990-03-21","-1.1"
"1990-03-22","1.8"
"1990-03-23","1.7"
"1990-03-24","1.4"
"1990-03-25","-0.5"
"1990-03-26","1.1"
"1990-03-27","2.6"
"1990-03-28","-6.4"
"1990-03-29","-3.3"
"1990-03-30","1"
"1990-03-31","1.4"
"1990-04-01","2"
"1990-04-02","-0.600000000000001"
"1990-04-03","-3.7"
"1990-04-04","1.2"
"1990-04-05","2"
"1990-04-06","2.8"
"1990-04-07","-1.2"
"1990-04-08","-0.600000000000001"
"1990-04-09","-0.0999999999999996"
"1990-04-10","-0.4"
"1990-04-11","3.8"
"1990-04-12","-2.1"
"1990-04-13","2"
"1990-04-14","-3.3"
"1990-04-15","-5.2"
"1990-04-16","0.299999999999999"
"1990-04-17","2.4"
"1990-04-18","0.6"
"1990-04-19","-1.7"
"1990-04-20","2.3"
"1990-04-21","0.699999999999999"
"1990-04-22","0.199999999999999"
"1990-04-23","-3.5"
"1990-04-24","1.5"
"1990-04-25","1"
"1990-04-26","-2.2"
"1990-04-27","-1.1"
"1990-04-28","-1.5"
"1990-04-29","2.2"
"1990-04-30","-1.6"
"1990-05-01","3.5"
"1990-05-02","0.9"
"1990-05-03","-1.3"
"1990-05-04","1.7"
"1990-05-05","1.7"
"1990-05-06","-2.7"
"1990-05-07","-6.3"
"1990-05-08","-2.1"
"1990-05-09","2"
"1990-05-10","6.8"
"1990-05-11","-3.1"
"1990-05-12","1.7"
"1990-05-13","-1.2"
"1990-05-14","-0.9"
"1990-05-15","-0.699999999999999"
"1990-05-16","-0.6"
"1990-05-17","4.5"
"1990-05-18","-4.3"
"1990-05-19","0.300000000000001"
"1990-05-20","-0.700000000000001"
"1990-05-21","-2.9"
"1990-05-22","-1.3"
"1990-05-23","2.7"
"1990-05-24","2.8"
"1990-05-25","0.5"
"1990-05-26","0.199999999999999"
"1990-05-27","-2.5"
"1990-05-28","-2.1"
"1990-05-29","-1.6"
"1990-05-30","1.6"
"1990-05-31","3.7"
"1990-06-01","-0.100000000000001"
"1990-06-02","-1.5"
"1990-06-03","0.200000000000001"
"1990-06-04","0.0999999999999996"
"1990-06-05","1.9"
"1990-06-06","-3.6"
"1990-06-07","-0.8"
"1990-06-08","0.6"
"1990-06-09","1.2"
"1990-06-10","2.5"
"1990-06-11","-3.1"
"1990-06-12","0.2"
"1990-06-13","4"
"1990-06-14","-6"
"1990-06-15","-1"
"1990-06-16","2"
"1990-06-17","2.9"
"1990-06-18","-1.6"
"1990-06-19","0.399999999999999"
"1990-06-20","0.200000000000001"
"1990-06-21","0.799999999999999"
"1990-06-22","-1.4"
"1990-06-23","2.9"
"1990-06-24","-2.4"
"1990-06-25","-0.299999999999999"
"1990-06-26","-2.7"
"1990-06-27","0.7"
"1990-06-28","-2.2"
"1990-06-29","1.9"
"1990-06-30","3.8"
"1990-07-01","-2"
"1990-07-02","-0.100000000000001"
"1990-07-03","0.4"
"1990-07-04","0"
"1990-07-05","1.6"
"1990-07-06","-4.9"
"1990-07-07","1.3"
"1990-07-08","4.5"
"1990-07-09","0"
"1990-07-10","-0.899999999999999"
"1990-07-11","-3.9"
"1990-07-12","-0.4"
"1990-07-13","2.6"
"1990-07-14","2"
"1990-07-15","0.800000000000001"
"1990-07-16","0.799999999999999"
"1990-07-17","-2.1"
"1990-07-18","2.1"
"1990-07-19","-4.4"
"1990-07-20","1.5"
"1990-07-21","1.4"
"1990-07-22","-0.0999999999999996"
"1990-07-23","0.200000000000001"
"1990-07-24","1"
"1990-07-25","-1.6"
"1990-07-26","-2.7"
"1990-07-27","1.6"
"1990-07-28","-0.8"
"1990-07-29","0.600000000000001"
"1990-07-30","-1.9"
"1990-07-31","-1"
"1990-08-01","1.8"
"1990-08-02","3"
"1990-08-03","-4.1"
"1990-08-04","2.9"
"1990-08-05","2"
"1990-08-06","-2.8"
"1990-08-07","-0.0999999999999996"
"1990-08-08","0.899999999999999"
"1990-08-09","-2.1"
"1990-08-10","0.4"
"1990-08-11","-0.5"
"1990-08-12","2.1"
"1990-08-13","-0.7"
"1990-08-14","1.5"
"1990-08-15","-0.9"
"1990-08-16","-0.600000000000001"
"1990-08-17","-0.399999999999999"
"1990-08-18","0.3"
"1990-08-19","1.2"
"1990-08-20","0.799999999999999"
"1990-08-21","0.200000000000001"
"1990-08-22","-3.8"
"1990-08-23","0.5"
"1990-08-24","1"
"1990-08-25","-0.199999999999999"
"1990-08-26","0.6"
"1990-08-27","-5.9"
"1990-08-28","3.8"
"1990-08-29","5.7"
"1990-08-30","-3"
"1990-08-31","-0.699999999999999"
"1990-09-01","-1.9"
"1990-09-02","3.5"
"1990-09-03","-0.9"
"1990-09-04","-1"
"1990-09-05","2.8"
"1990-09-06","-0.0999999999999996"
"1990-09-07","-2.8"
"1990-09-08","-4.5"
"1990-09-09","2.3"
"1990-09-10","5.2"
"1990-09-11","4.1"
"1990-09-12","-2"
"1990-09-13","-2.8"
"1990-09-14","-2.6"
"1990-09-15","2.9"
"1990-09-16","0.300000000000001"
"1990-09-17","-6.7"
"1990-09-18","3.6"
"1990-09-19","4.3"
"1990-09-20","4.7"
"1990-09-21","-6.7"
"1990-09-22","-2.8"
"1990-09-23","-1.6"
"1990-09-24","5.4"
"1990-09-25","5.7"
"1990-09-26","-6.5"
"1990-09-27","-5.2"
"1990-09-28","6.5"
"1990-09-29","-2.4"
"1990-09-30","1.3"
"1990-10-01","1.3"
"1990-10-02","-0.800000000000001"
"1990-10-03","-0.6"
"1990-10-04","1.1"
"1990-10-05","3"
"1990-10-06","-4.8"
"1990-10-07","0.600000000000001"
"1990-10-08","-3.8"
"1990-10-09","3.8"
"1990-10-10","-0.600000000000001"
"1990-10-11","2.6"
"1990-10-12","-1.5"
"1990-10-13","-2.8"
"1990-10-14","0.2"
"1990-10-15","8.1"
"1990-10-16","-1.2"
"1990-10-17","-4.1"
"1990-10-18","0.800000000000001"
"1990-10-19","-0.4"
"1990-10-20","-4.5"
"1990-10-21","4.5"
"1990-10-22","-1.9"
"1990-10-23","1.9"
"1990-10-24","1.5"
"1990-10-25","-0.800000000000001"
"1990-10-26","1.7"
"1990-10-27","1.1"
"1990-10-28","4"
"1990-10-29","-4.8"
"1990-10-30","1.3"
"1990-10-31","-0.0999999999999996"
"1990-11-01","0.6"
"1990-11-02","-3.6"
"1990-11-03","1.2"
"1990-11-04","-1.9"
"1990-11-05","1.4"
"1990-11-06","5.8"
"1990-11-07","0.899999999999999"
"1990-11-08","-3.8"
"1990-11-09","-2.3"
"1990-11-10","-1.6"
"1990-11-11","-2.9"
"1990-11-12","4"
"1990-11-13","1.2"
"1990-11-14","0.799999999999999"
"1990-11-15","-1.4"
"1990-11-16","-0.899999999999999"
"1990-11-17","-3.5"
"1990-11-18","1.9"
"1990-11-19","-0.799999999999999"
"1990-11-20","-1.6"
"1990-11-21","6.7"
"1990-11-22","-2.8"
"1990-11-23","-1.7"
"1990-11-24","0.6"
"1990-11-25","1.9"
"1990-11-26","-0.0999999999999996"
"1990-11-27","-4.1"
"1990-11-28","5.9"
"1990-11-29","0"
"1990-11-30","-2"
"1990-12-01","0.600000000000001"
"1990-12-02","-0.100000000000001"
"1990-12-03","3"
"1990-12-04","1.1"
"1990-12-05","3.2"
"1990-12-06","-0.300000000000001"
"1990-12-07","-0.800000000000001"
"1990-12-08","-3.9"
"1990-12-09","-1.4"
"1990-12-10","-3.1"
"1990-12-11","0.0999999999999996"
"1990-12-12","2.9"
"1990-12-13","-2.6"
"1990-12-14","1.1"
"1990-12-15","0.9"
"1990-12-16","0.199999999999999"
"1990-12-17","0.300000000000001"
"1990-12-18","3.3"
"1990-12-19","-2.5"
"1990-12-20","0.700000000000001"
"1990-12-21","-2.3"
"1990-12-22","0.0999999999999996"
"1990-12-23","0.700000000000001"
"1990-12-24","-3.9"
"1990-12-25","2.9"
"1990-12-26","1.7"
"1990-12-27","-0.6"
"1990-12-28","-0.4"
"1990-12-29","-0.0999999999999996"
"1990-12-30","2.2"
"1990-12-31","-2.7"
